-- MySQL dump 10.13  Distrib 8.0.26, for Win64 (x86_64)
--
-- Host: 127.0.0.1    Database: snack
-- ------------------------------------------------------
-- Server version	8.0.26

/*!40101 SET @OLD_CHARACTER_SET_CLIENT=@@CHARACTER_SET_CLIENT */;
/*!40101 SET @OLD_CHARACTER_SET_RESULTS=@@CHARACTER_SET_RESULTS */;
/*!40101 SET @OLD_COLLATION_CONNECTION=@@COLLATION_CONNECTION */;
/*!50503 SET NAMES utf8 */;
/*!40103 SET @OLD_TIME_ZONE=@@TIME_ZONE */;
/*!40103 SET TIME_ZONE='+00:00' */;
/*!40014 SET @OLD_UNIQUE_CHECKS=@@UNIQUE_CHECKS, UNIQUE_CHECKS=0 */;
/*!40014 SET @OLD_FOREIGN_KEY_CHECKS=@@FOREIGN_KEY_CHECKS, FOREIGN_KEY_CHECKS=0 */;
/*!40101 SET @OLD_SQL_MODE=@@SQL_MODE, SQL_MODE='NO_AUTO_VALUE_ON_ZERO' */;
/*!40111 SET @OLD_SQL_NOTES=@@SQL_NOTES, SQL_NOTES=0 */;

--
-- Table structure for table `bom`
--

DROP TABLE IF EXISTS `bom`;
/*!40101 SET @saved_cs_client     = @@character_set_client */;
/*!50503 SET character_set_client = utf8mb4 */;
CREATE TABLE `bom` (
  `상품명` text,
  `재료` text,
  `수량` int DEFAULT NULL,
  `단위` text
) ENGINE=InnoDB DEFAULT CHARSET=utf8mb4 COLLATE=utf8mb4_0900_ai_ci;
/*!40101 SET character_set_client = @saved_cs_client */;

--
-- Dumping data for table `bom`
--

LOCK TABLES `bom` WRITE;
/*!40000 ALTER TABLE `bom` DISABLE KEYS */;
INSERT INTO `bom` VALUES ('김밥','우엉',30,'g'),('김밥','오이',50,'g'),('김밥','계란',1,'개'),('김밥','햄',30,'g'),('김밥','당근',40,'g'),('김밥','어묵',1,'장'),('김밥','맛살',50,'g'),('김밥','단무지',30,'g'),('김밥','김',1,'장'),('참치김밥','우엉',30,'g'),('참치김밥','오이',50,'g'),('참치김밥','계란',1,'개'),('참치김밥','햄',30,'g'),('참치김밥','당근',40,'g'),('참치김밥','어묵',1,'장'),('참치김밥','맛살',50,'g'),('참치김밥','단무지',30,'g'),('참치김밥','참치',50,'g'),('참치김밥','김',1,'장'),('치즈김밥','우엉',30,'g'),('치즈김밥','오이',50,'g'),('치즈김밥','계란',1,'개'),('치즈김밥','햄',30,'g'),('치즈김밥','당근',40,'g'),('치즈김밥','어묵',1,'장'),('치즈김밥','맛살',50,'g'),('치즈김밥','단무지',30,'g'),('치즈김밥','치즈',1,'장'),('치즈김밥','김',1,'장'),('떡볶이','떡',800,'g'),('떡볶이','대파',100,'g'),('떡볶이','설탕',40,'g'),('떡볶이','간장',16,'g'),('떡볶이','고추장',80,'g'),('떡볶이','고추가루',80,'g'),('떡볶이','어묵',2,'장'),('라볶이','떡',800,'g'),('라볶이','대파',100,'g'),('라볶이','설탕',40,'g'),('라볶이','간장',16,'g'),('라볶이','고추장',80,'g'),('라볶이','고추가루',80,'g'),('라볶이','라면사리',2,'개'),('라볶이','어묵',2,'장'),('치즈떡볶이','떡',800,'g'),('치즈떡볶이','대파',100,'g'),('치즈떡볶이','설탕',40,'g'),('치즈떡볶이','간장',16,'g'),('치즈떡볶이','고추장',80,'g'),('치즈떡볶이','고추가루',80,'g'),('치즈떡볶이','치즈',2,'개'),('치즈떡볶이','어묵',2,'장'),('돼지김치찌개','돼지고기',300,'g'),('돼지김치찌개','설탕',10,'g'),('돼지김치찌개','간장',12,'g'),('돼지김치찌개','대파',50,'g'),('돼지김치찌개','청양고추',15,'g'),('돼지김치찌개','새우젓',10,'g'),('돼지김치찌개','김치',800,'g'),('돼지김치찌개','고추가루',30,'g'),('돼지김치찌개','양파',150,'g'),('돼지김치찌개','다진마늘',4,'g'),('돼지김치찌개','들기름',8,'g'),('돼지김치찌개','된장',20,'g'),('참치김치찌개','설탕',20,'g'),('참치김치찌개','간장',24,'g'),('참치김치찌개','대파',100,'g'),('참치김치찌개','청양고추',30,'g'),('참치김치찌개','새우젓',20,'g'),('참치김치찌개','김치',1600,'g'),('참치김치찌개','고추가루',60,'g'),('참치김치찌개','양파',300,'g'),('참치김치찌개','다진마늘',8,'g'),('참치김치찌개','들기름',16,'g'),('참치김치찌개','된장',40,'g'),('참치김치찌개','참치',100,'g');
/*!40000 ALTER TABLE `bom` ENABLE KEYS */;
UNLOCK TABLES;

--
-- Table structure for table `finance`
--

DROP TABLE IF EXISTS `finance`;
/*!40101 SET @saved_cs_client     = @@character_set_client */;
/*!50503 SET character_set_client = utf8mb4 */;
CREATE TABLE `finance` (
  `주문번호` int NOT NULL,
  `내역` text,
  `수입` int DEFAULT NULL,
  `지출` bigint DEFAULT NULL,
  `잔액` int DEFAULT NULL,
  `시간` text,
  PRIMARY KEY (`주문번호`)
) ENGINE=InnoDB DEFAULT CHARSET=utf8mb4 COLLATE=utf8mb4_0900_ai_ci;
/*!40101 SET character_set_client = @saved_cs_client */;

--
-- Dumping data for table `finance`
--

LOCK TABLES `finance` WRITE;
/*!40000 ALTER TABLE `finance` DISABLE KEYS */;
INSERT INTO `finance` VALUES (1,'초기자본',0,0,10000000,'2023-01-17 14:47:30'),(2,'우엉구매',0,8440,9991560,'2023-01-17 15:32:06'),(3,'오이구매',0,18500,9973060,'2023-01-17 15:32:06'),(4,'계란구매',0,6780,9966280,'2023-01-17 15:32:06'),(5,'햄구매',0,5700,9960580,'2023-01-17 15:32:06'),(6,'당근구매',0,17910,9942670,'2023-01-17 15:32:06'),(7,'어묵구매',0,26740,9915930,'2023-01-17 15:32:06'),(8,'맛살구매',0,17910,9898020,'2023-01-17 15:32:06'),(9,'단무지구매',0,2170,9895850,'2023-01-17 15:32:06'),(10,'김구매',0,8000,9887850,'2023-01-17 15:32:06'),(11,'참치구매',0,31900,9855950,'2023-01-17 15:32:06'),(12,'치즈구매',0,21690,9834260,'2023-01-17 15:32:06'),(13,'떡구매',0,14400,9819860,'2023-01-17 15:32:06'),(14,'대파구매',0,6400,9813460,'2023-01-17 15:32:06'),(15,'설탕구매',0,3950,9809510,'2023-01-17 15:32:06'),(16,'간장구매',0,2500,9807010,'2023-01-17 15:32:06'),(17,'고추장구매',0,26500,9780510,'2023-01-17 15:32:06'),(18,'고추가루구매',0,11000,9769510,'2023-01-17 15:32:06'),(19,'라면사리구매',0,12400,9757110,'2023-01-17 15:32:06'),(20,'돼지고기구매',0,25140,9731970,'2023-01-17 15:32:06'),(21,'청양고추구매',0,6900,9725070,'2023-01-17 15:32:06'),(22,'새우젓구매',0,23000,9702070,'2023-01-17 15:32:06'),(23,'김치구매',0,12300,9689770,'2023-01-17 15:32:06'),(24,'양파구매',0,11900,9677870,'2023-01-17 15:32:06'),(25,'다진마늘구매',0,2300,9675570,'2023-01-17 15:32:06'),(26,'들기름구매',0,22000,9653570,'2023-01-17 15:32:06'),(27,'된장구매',0,26490,9627080,'2023-01-17 15:32:06'),(28,'t님 구매',29000,0,9656080,'2023-01-18 18:09:34'),(29,'u님 구매',52000,0,9708080,'2023-01-18 18:09:37'),(30,'t님 구매',112000,0,9820080,'2023-01-18 18:09:41'),(31,'김치구매',0,12300,9807780,'2023-01-18 18:09:42'),(32,'a님 구매',15000,0,9822780,'2023-01-18 18:09:46'),(33,'u님 구매',60000,0,9882780,'2023-01-18 18:09:50'),(34,'고추가루구매',0,11000,9871780,'2023-01-18 18:09:50'),(35,'y님 구매',112000,0,9983780,'2023-01-18 18:09:53'),(36,'어묵구매',0,26740,9957040,'2023-01-18 18:09:53'),(37,'단무지구매',0,2170,9954870,'2023-01-18 18:09:53'),(38,'돼지고기구매',0,25140,9929730,'2023-01-18 18:09:53'),(39,'김치구매',0,12300,9917430,'2023-01-18 18:09:53'),(40,'qq님 구매',98000,0,10015430,'2023-01-18 18:09:57'),(41,'대파구매',0,6400,10009030,'2023-01-18 18:09:58'),(42,'t님 구매',67000,0,10076030,'2023-01-18 18:10:00'),(43,'양파구매',0,11900,10064130,'2023-01-18 18:10:00'),(44,'qq님 구매',11000,0,10075130,'2023-01-18 18:10:03'),(45,'계란구매',0,6780,10068350,'2023-01-18 18:10:04'),(46,'어묵구매',0,26740,10041610,'2023-01-18 18:10:04'),(47,'r님 구매',56000,0,10097610,'2023-01-18 18:10:07'),(48,'우엉구매',0,8440,10089170,'2023-01-18 18:10:07'),(49,'햄구매',0,5700,10083470,'2023-01-18 18:10:07'),(50,'단무지구매',0,2170,10081300,'2023-01-18 18:10:07'),(51,'참치구매',0,31900,10049400,'2023-01-18 18:10:07'),(52,'김치구매',0,12300,10037100,'2023-01-18 18:10:07'),(53,'w님 구매',67000,0,10104100,'2023-01-18 18:29:00'),(54,'고추가루구매',0,11000,10093100,'2023-01-18 18:29:00'),(55,'u님 구매',34000,0,10127100,'2023-01-18 18:29:04'),(56,'오이구매',0,18500,10108600,'2023-01-18 18:29:04'),(57,'맛살구매',0,17910,10090690,'2023-01-18 18:29:04'),(58,'돼지고기구매',0,25140,10065550,'2023-01-18 18:29:04'),(59,'r님 구매',34000,0,10099550,'2023-01-18 18:29:07'),(60,'떡구매',0,14400,10085150,'2023-01-18 18:29:07'),(61,'r님 구매',112000,0,10197150,'2023-01-18 18:29:10'),(62,'어묵구매',0,26740,10170410,'2023-01-18 18:29:10'),(63,'대파구매',0,6400,10164010,'2023-01-18 18:29:10'),(64,'김치구매',0,12300,10151710,'2023-01-18 18:29:10'),(65,'a님 구매',90000,0,10241710,'2023-01-18 18:29:15'),(66,'t님 구매',95000,0,10336710,'2023-01-18 18:29:19'),(67,'단무지구매',0,2170,10334540,'2023-01-18 18:29:19'),(68,'고추가루구매',0,11000,10323540,'2023-01-18 18:29:19'),(69,'김치구매',0,12300,10311240,'2023-01-18 18:29:19'),(70,'e님 구매',61000,0,10372240,'2023-01-18 18:29:22'),(71,'청양고추구매',0,6900,10365340,'2023-01-18 18:29:23'),(72,'양파구매',0,11900,10353440,'2023-01-18 18:29:23'),(73,'e님 구매',25000,0,10378440,'2023-01-18 18:29:26'),(74,'r님 구매',17000,0,10395440,'2023-01-18 18:29:30'),(75,'a님 구매',28000,0,10423440,'2023-01-18 18:29:33'),(76,'계란구매',0,6780,10416660,'2023-01-18 18:29:33'),(77,'t님 구매',9000,0,10425660,'2023-01-18 18:29:34'),(78,'t님 구매',81000,0,10506660,'2023-01-18 18:29:35'),(79,'우엉구매',0,8440,10498220,'2023-01-18 18:29:36'),(80,'햄구매',0,5700,10492520,'2023-01-18 18:29:36'),(81,'어묵구매',0,26740,10465780,'2023-01-18 18:29:36'),(82,'단무지구매',0,2170,10463610,'2023-01-18 18:29:36'),(83,'e님 구매',25000,0,10488610,'2023-01-18 18:29:37'),(84,'돼지고기구매',0,25140,10463470,'2023-01-18 18:29:37'),(85,'r님 구매',42000,0,10505470,'2023-01-18 18:29:39'),(86,'김치구매',0,12300,10493170,'2023-01-18 18:29:39'),(87,'e님 구매',83000,0,10576170,'2023-01-18 18:29:40'),(88,'당근구매',0,17910,10558260,'2023-01-18 18:29:41'),(89,'y님 구매',95000,0,10653260,'2023-01-18 18:29:45'),(90,'오이구매',0,18500,10634760,'2023-01-18 18:29:45'),(91,'어묵구매',0,26740,10608020,'2023-01-18 18:29:45'),(92,'맛살구매',0,17910,10590110,'2023-01-18 18:29:45'),(93,'단무지구매',0,2170,10587940,'2023-01-18 18:29:45'),(94,'참치구매',0,31900,10556040,'2023-01-18 18:29:45'),(95,'떡구매',0,14400,10541640,'2023-01-18 18:29:45'),(96,'대파구매',0,6400,10535240,'2023-01-18 18:29:45'),(97,'고추가루구매',0,11000,10524240,'2023-01-18 18:29:45'),(98,'r님 구매',54000,0,10578240,'2023-01-18 18:29:46'),(99,'u님 구매',112000,0,10690240,'2023-01-18 18:29:48'),(100,'계란구매',0,6780,10683460,'2023-01-18 18:29:48'),(101,'김치구매',0,12300,10671160,'2023-01-18 18:29:48'),(102,'w님 구매',101000,0,10772160,'2023-01-18 18:29:49'),(103,'우엉구매',0,8440,10763720,'2023-01-18 18:29:49'),(104,'햄구매',0,5700,10758020,'2023-01-18 18:29:49'),(105,'어묵구매',0,26740,10731280,'2023-01-18 18:29:49'),(106,'단무지구매',0,2170,10729110,'2023-01-18 18:29:49'),(107,'김구매',0,8000,10721110,'2023-01-18 18:29:49'),(108,'라면사리구매',0,12400,10708710,'2023-01-18 18:29:49'),(109,'r님 구매',35000,0,10743710,'2023-01-18 18:29:54'),(110,'y님 구매',49000,0,10792710,'2023-01-18 18:29:58'),(111,'고추가루구매',0,11000,10781710,'2023-01-18 18:29:58'),(112,'돼지고기구매',0,25140,10756570,'2023-01-18 18:29:58'),(113,'김치구매',0,12300,10744270,'2023-01-18 18:29:58'),(114,'양파구매',0,11900,10732370,'2023-01-18 18:29:58'),(115,'a님 구매',112000,0,10844370,'2023-01-18 18:29:59'),(116,'대파구매',0,6400,10837970,'2023-01-18 18:30:00'),(117,'u님 구매',58000,0,10895970,'2023-01-18 18:30:04'),(118,'김치구매',0,12300,10883670,'2023-01-18 18:30:04'),(119,'u님 구매',72000,0,10955670,'2023-01-18 18:30:05'),(120,'어묵구매',0,26740,10928930,'2023-01-18 18:30:05'),(121,'단무지구매',0,2170,10926760,'2023-01-18 18:30:05'),(122,'y님 구매',77000,0,11003760,'2023-01-18 18:30:08'),(123,'오이구매',0,18500,10985260,'2023-01-18 18:30:09'),(124,'계란구매',0,6780,10978480,'2023-01-18 18:30:09'),(125,'맛살구매',0,17910,10960570,'2023-01-18 18:30:09'),(126,'간장구매',0,2500,10958070,'2023-01-18 18:30:09'),(127,'a님 구매',14000,0,10972070,'2023-01-18 18:30:12'),(128,'a님 구매',55000,0,11027070,'2023-01-18 18:30:16'),(129,'참치구매',0,31900,10995170,'2023-01-18 18:30:16'),(130,'u님 구매',83000,0,11078170,'2023-01-18 18:30:17'),(131,'우엉구매',0,8440,11069730,'2023-01-18 18:30:18'),(132,'햄구매',0,5700,11064030,'2023-01-18 18:30:18'),(133,'단무지구매',0,2170,11061860,'2023-01-18 18:30:18'),(134,'김치구매',0,12300,11049560,'2023-01-18 18:30:18'),(135,'r님 구매',9000,0,11058560,'2023-01-18 18:30:19'),(136,'t님 구매',81000,0,11139560,'2023-01-18 18:30:22'),(137,'어묵구매',0,26740,11112820,'2023-01-18 18:30:22'),(138,'고추가루구매',0,11000,11101820,'2023-01-18 18:30:22'),(139,'u님 구매',60000,0,11161820,'2023-01-18 18:30:24'),(140,'청양고추구매',0,6900,11154920,'2023-01-18 18:30:25'),(141,'양파구매',0,11900,11143020,'2023-01-18 18:30:25'),(142,'e님 구매',90000,0,11233020,'2023-01-18 18:30:27'),(143,'돼지고기구매',0,25140,11207880,'2023-01-18 18:30:27'),(144,'김치구매',0,12300,11195580,'2023-01-18 18:30:27'),(145,'u님 구매',60000,0,11255580,'2023-01-18 18:30:29'),(146,'대파구매',0,6400,11249180,'2023-01-18 18:30:29'),(147,'r님 구매',59000,0,11308180,'2023-01-18 18:30:32'),(148,'떡구매',0,14400,11293780,'2023-01-18 18:30:33'),(149,'고추가루구매',0,11000,11282780,'2023-01-18 18:30:33'),(150,'w님 구매',50000,0,11332780,'2023-01-18 18:30:37'),(151,'김치구매',0,12300,11320480,'2023-01-18 18:30:37'),(152,'e님 구매',37000,0,11357480,'2023-01-18 18:30:38'),(153,'계란구매',0,6780,11350700,'2023-01-18 18:30:38'),(154,'당근구매',0,17910,11332790,'2023-01-18 18:30:38'),(155,'어묵구매',0,26740,11306050,'2023-01-18 18:30:38'),(156,'단무지구매',0,2170,11303880,'2023-01-18 18:30:38'),(157,'qq님 구매',70000,0,11373880,'2023-01-18 18:30:40'),(158,'t님 구매',112000,0,11485880,'2023-01-18 18:30:43'),(159,'오이구매',0,18500,11467380,'2023-01-18 18:30:43'),(160,'맛살구매',0,17910,11449470,'2023-01-18 18:30:43'),(161,'참치구매',0,31900,11417570,'2023-01-18 18:30:43'),(162,'돼지고기구매',0,25140,11392430,'2023-01-18 18:30:43'),(163,'r님 구매',72000,0,11464430,'2023-01-18 18:30:45'),(164,'설탕구매',0,3950,11460480,'2023-01-18 18:30:45'),(165,'김치구매',0,12300,11448180,'2023-01-18 18:30:46'),(166,'w님 구매',9000,0,11457180,'2023-01-18 18:30:47'),(167,'우엉구매',0,8440,11448740,'2023-01-18 18:30:47'),(168,'햄구매',0,5700,11443040,'2023-01-18 18:30:47'),(169,'단무지구매',0,2170,11440870,'2023-01-18 18:30:47'),(170,'qq님 구매',20000,0,11460870,'2023-01-18 18:30:50'),(171,'어묵구매',0,26740,11434130,'2023-01-18 18:30:50'),(172,'w님 구매',18000,0,11452130,'2023-01-18 18:30:52'),(173,'양파구매',0,11900,11440230,'2023-01-18 18:30:52'),(174,'e님 구매',68000,0,11508230,'2023-01-18 18:30:53'),(175,'대파구매',0,6400,11501830,'2023-01-18 18:30:54'),(176,'고추가루구매',0,11000,11490830,'2023-01-18 18:30:54'),(177,'e님 구매',101000,0,11591830,'2023-01-18 18:30:55'),(178,'계란구매',0,6780,11585050,'2023-01-18 18:30:57'),(179,'김치구매',0,12300,11572750,'2023-01-18 18:30:57'),(180,'e님 구매',95000,0,11667750,'2023-01-18 18:31:00'),(181,'단무지구매',0,2170,11665580,'2023-01-18 18:31:00'),(182,'u님 구매',20000,0,11685580,'2023-01-18 18:31:02'),(183,'어묵구매',0,26740,11658840,'2023-01-18 18:31:02'),(184,'w님 구매',55000,0,11713840,'2023-01-18 18:31:03'),(185,'떡구매',0,14400,11699440,'2023-01-18 18:31:04'),(186,'u님 구매',112000,0,11811440,'2023-01-18 18:31:05'),(187,'고추가루구매',0,11000,11800440,'2023-01-18 18:31:05'),(188,'돼지고기구매',0,25140,11775300,'2023-01-18 18:31:05'),(189,'김치구매',0,12300,11763000,'2023-01-18 18:31:05'),(190,'w님 구매',74000,0,11837000,'2023-01-18 18:31:06'),(191,'어묵구매',0,26740,11810260,'2023-01-18 18:31:07'),(192,'대파구매',0,6400,11803860,'2023-01-18 18:31:07'),(193,'e님 구매',9000,0,11812860,'2023-01-18 18:37:05'),(194,'우엉구매',0,8440,11804420,'2023-01-18 18:37:05'),(195,'오이구매',0,18500,11785920,'2023-01-18 18:37:05'),(196,'햄구매',0,5700,11780220,'2023-01-18 18:37:05'),(197,'맛살구매',0,17910,11762310,'2023-01-18 18:37:05'),(198,'단무지구매',0,2170,11760140,'2023-01-18 18:37:05'),(199,'김구매',0,8000,11752140,'2023-01-18 18:37:05'),(200,'a님 구매',15000,0,11767140,'2023-01-18 18:37:09'),(201,'r님 구매',18000,0,11785140,'2023-01-18 18:37:10'),(202,'참치구매',0,31900,11753240,'2023-01-18 18:37:11'),(203,'청양고추구매',0,6900,11746340,'2023-01-18 18:37:11'),(204,'김치구매',0,12300,11734040,'2023-01-18 18:37:11'),(205,'양파구매',0,11900,11722140,'2023-01-18 18:37:11'),(206,'a님 구매',15000,0,11737140,'2023-01-18 18:37:15'),(207,'e님 구매',17000,0,11754140,'2023-01-18 18:37:17'),(208,'t님 구매',31000,0,11785140,'2023-01-18 18:37:19'),(209,'e님 구매',112000,0,11897140,'2023-01-18 18:37:20'),(210,'떡구매',0,14400,11882740,'2023-01-18 18:37:20'),(211,'고추가루구매',0,11000,11871740,'2023-01-18 18:37:20'),(212,'라면사리구매',0,12400,11859340,'2023-01-18 18:37:20'),(213,'김치구매',0,12300,11847040,'2023-01-18 18:37:20'),(214,'w님 구매',112000,0,11959040,'2023-01-18 18:37:23'),(215,'계란구매',0,6780,11952260,'2023-01-18 18:37:23'),(216,'어묵구매',0,26740,11925520,'2023-01-18 18:37:23'),(217,'대파구매',0,6400,11919120,'2023-01-18 18:37:23'),(218,'r님 구매',95000,0,12014120,'2023-01-18 18:37:27'),(219,'단무지구매',0,2170,12011950,'2023-01-18 18:37:27'),(220,'돼지고기구매',0,25140,11986810,'2023-01-18 18:37:27'),(221,'새우젓구매',0,23000,11963810,'2023-01-18 18:37:27'),(222,'e님 구매',92000,0,12055810,'2023-01-18 18:37:32'),(223,'고추가루구매',0,11000,12044810,'2023-01-18 18:37:32'),(224,'김치구매',0,12300,12032510,'2023-01-18 18:37:32'),(225,'들기름구매',0,22000,12010510,'2023-01-18 18:37:32'),(226,'r님 구매',28000,0,12038510,'2023-01-18 18:37:35'),(227,'어묵구매',0,26740,12011770,'2023-01-18 18:37:35'),(228,'간장구매',0,2500,12009270,'2023-01-18 18:37:35'),(229,'r님 구매',112000,0,12121270,'2023-01-18 18:37:38'),(230,'당근구매',0,17910,12103360,'2023-01-18 18:37:39'),(231,'양파구매',0,11900,12091460,'2023-01-18 18:37:39'),(232,'w님 구매',69000,0,12160460,'2023-01-18 18:38:08'),(233,'우엉구매',0,8440,12152020,'2023-01-18 18:38:09'),(234,'햄구매',0,5700,12146320,'2023-01-18 18:38:09'),(235,'단무지구매',0,2170,12144150,'2023-01-18 18:38:09'),(236,'김치구매',0,12300,12131850,'2023-01-18 18:38:09'),(237,'u님 구매',49000,0,12180850,'2023-01-18 18:38:13'),(238,'떡구매',0,14400,12166450,'2023-01-18 18:38:13'),(239,'대파구매',0,6400,12160050,'2023-01-18 18:38:13'),(240,'고추가루구매',0,11000,12149050,'2023-01-18 18:38:13'),(241,'w님 구매',84000,0,12233050,'2023-01-18 18:38:16'),(242,'어묵구매',0,26740,12206310,'2023-01-18 18:38:16'),(243,'참치구매',0,31900,12174410,'2023-01-18 18:38:17'),(244,'u님 구매',22000,0,12196410,'2023-01-18 18:38:19'),(245,'오이구매',0,18500,12177910,'2023-01-18 18:38:19'),(246,'계란구매',0,6780,12171130,'2023-01-18 18:38:19'),(247,'맛살구매',0,17910,12153220,'2023-01-18 18:38:19'),(248,'u님 구매',66000,0,12219220,'2023-01-18 18:38:23'),(249,'김치구매',0,12300,12206920,'2023-01-18 18:38:23'),(250,'다진마늘구매',0,2300,12204620,'2023-01-18 18:38:23'),(251,'r님 구매',86000,0,12290620,'2023-01-18 18:38:24'),(252,'돼지고기구매',0,25140,12265480,'2023-01-18 18:38:25'),(253,'w님 구매',11000,0,12276480,'2023-01-18 18:38:27'),(254,'단무지구매',0,2170,12274310,'2023-01-18 18:38:27'),(255,'r님 구매',72000,0,12346310,'2023-01-18 18:38:30'),(256,'어묵구매',0,26740,12319570,'2023-01-18 18:38:30'),(257,'t님 구매',70000,0,12389570,'2023-01-18 18:38:34'),(258,'고추가루구매',0,11000,12378570,'2023-01-18 18:38:34'),(259,'김치구매',0,12300,12366270,'2023-01-18 18:38:34'),(260,'u님 구매',112000,0,12478270,'2023-01-18 18:38:36'),(261,'우엉구매',0,8440,12469830,'2023-01-18 18:38:37'),(262,'햄구매',0,5700,12464130,'2023-01-18 18:38:37'),(263,'어묵구매',0,26740,12437390,'2023-01-18 18:38:37'),(264,'단무지구매',0,2170,12435220,'2023-01-18 18:38:37'),(265,'떡구매',0,14400,12420820,'2023-01-18 18:38:37'),(266,'대파구매',0,6400,12414420,'2023-01-18 18:38:37'),(267,'청양고추구매',0,6900,12407520,'2023-01-18 18:38:37'),(268,'양파구매',0,11900,12395620,'2023-01-18 18:38:37'),(269,'a님 구매',103000,0,12498620,'2023-01-18 18:38:40'),(270,'계란구매',0,6780,12491840,'2023-01-18 18:38:40'),(271,'a님 구매',60000,0,12551840,'2023-01-18 18:38:44'),(272,'참치구매',0,31900,12519940,'2023-01-18 18:38:44'),(273,'고추가루구매',0,11000,12508940,'2023-01-18 18:38:44'),(274,'라면사리구매',0,12400,12496540,'2023-01-18 18:38:44'),(275,'김치구매',0,12300,12484240,'2023-01-18 18:38:44'),(276,'u님 구매',17000,0,12501240,'2023-01-18 18:38:47'),(277,'y님 구매',46000,0,12547240,'2023-01-18 18:38:50'),(278,'오이구매',0,18500,12528740,'2023-01-18 18:38:50'),(279,'어묵구매',0,26740,12502000,'2023-01-18 18:38:50'),(280,'맛살구매',0,17910,12484090,'2023-01-18 18:38:50'),(281,'단무지구매',0,2170,12481920,'2023-01-18 18:38:50'),(282,'w님 구매',23000,0,12504920,'2023-01-18 18:38:54'),(283,'r님 구매',40000,0,12544920,'2023-01-18 18:38:58'),(284,'y님 구매',54000,0,12598920,'2023-01-18 18:39:01'),(285,'u님 구매',76000,0,12674920,'2023-01-18 18:39:02'),(286,'대파구매',0,6400,12668520,'2023-01-18 18:39:02'),(287,'qq님 구매',89000,0,12757520,'2023-01-18 18:39:05'),(288,'어묵구매',0,26740,12730780,'2023-01-18 18:39:06'),(289,'떡구매',0,14400,12716380,'2023-01-18 18:39:06'),(290,'설탕구매',0,3950,12712430,'2023-01-18 18:39:06'),(291,'고추가루구매',0,11000,12701430,'2023-01-18 18:39:06'),(292,'김치구매',0,12300,12689130,'2023-01-18 18:39:06'),(293,'u님 구매',25000,0,12714130,'2023-01-18 18:39:08'),(294,'우엉구매',0,8440,12705690,'2023-01-18 18:39:08'),(295,'계란구매',0,6780,12698910,'2023-01-18 18:39:08'),(296,'햄구매',0,5700,12693210,'2023-01-18 18:39:08'),(297,'당근구매',0,17910,12675300,'2023-01-18 18:39:08'),(298,'단무지구매',0,2170,12673130,'2023-01-18 18:39:08'),(299,'김구매',0,8000,12665130,'2023-01-18 18:39:08'),(300,'돼지고기구매',0,25140,12639990,'2023-01-18 18:39:08'),(301,'y님 구매',112000,0,12751990,'2023-01-18 18:39:10'),(302,'r님 구매',60000,0,12811990,'2023-01-18 18:39:12'),(303,'김치구매',0,12300,12799690,'2023-01-18 18:39:12'),(304,'양파구매',0,11900,12787790,'2023-01-18 18:39:12'),(305,'e님 구매',11000,0,12798790,'2023-01-18 18:39:14'),(306,'r님 구매',112000,0,12910790,'2023-01-18 18:39:15'),(307,'오이구매',0,18500,12892290,'2023-01-18 18:39:16'),(308,'어묵구매',0,26740,12865550,'2023-01-18 18:39:16'),(309,'맛살구매',0,17910,12847640,'2023-01-18 18:39:16'),(310,'단무지구매',0,2170,12845470,'2023-01-18 18:39:16'),(311,'참치구매',0,31900,12813570,'2023-01-18 18:39:16'),(312,'치즈구매',0,21690,12791880,'2023-01-18 18:39:16'),(313,'고추가루구매',0,11000,12780880,'2023-01-18 18:39:16'),(314,'qq님 구매',57000,0,12837880,'2023-01-18 18:39:17'),(315,'qq님 구매',112000,0,12949880,'2023-01-18 18:39:20'),(316,'계란구매',0,6780,12943100,'2023-01-18 18:39:21'),(317,'어묵구매',0,26740,12916360,'2023-01-18 18:39:21'),(318,'대파구매',0,6400,12909960,'2023-01-18 18:39:21'),(319,'돼지고기구매',0,25140,12884820,'2023-01-18 18:39:21'),(320,'김치구매',0,12300,12872520,'2023-01-18 18:39:21'),(321,'w님 구매',26000,0,12898520,'2023-01-18 18:39:24'),(322,'우엉구매',0,8440,12890080,'2023-01-18 18:39:24'),(323,'햄구매',0,5700,12884380,'2023-01-18 18:39:24'),(324,'단무지구매',0,2170,12882210,'2023-01-18 18:39:24'),(325,'w님 구매',46000,0,12928210,'2023-01-18 18:39:27'),(326,'y님 구매',20000,0,12948210,'2023-01-18 18:39:30'),(327,'e님 구매',69000,0,13017210,'2023-01-18 18:39:32'),(328,'a님 구매',112000,0,13129210,'2023-01-18 18:39:36'),(329,'어묵구매',0,26740,13102470,'2023-01-18 18:39:37'),(330,'떡구매',0,14400,13088070,'2023-01-18 18:39:37'),(331,'김치구매',0,12300,13075770,'2023-01-18 18:39:37'),(332,'e님 구매',112000,0,13187770,'2023-01-18 18:39:41'),(333,'단무지구매',0,2170,13185600,'2023-01-18 18:39:41'),(334,'간장구매',0,2500,13183100,'2023-01-18 18:39:41'),(335,'고추가루구매',0,11000,13172100,'2023-01-18 18:39:41'),(336,'청양고추구매',0,6900,13165200,'2023-01-18 18:39:41'),(337,'양파구매',0,11900,13153300,'2023-01-18 18:39:41'),(338,'u님 구매',112000,0,13265300,'2023-01-18 18:39:42'),(339,'오이구매',0,18500,13246800,'2023-01-18 18:39:43'),(340,'계란구매',0,6780,13240020,'2023-01-18 18:39:43'),(341,'맛살구매',0,17910,13222110,'2023-01-18 18:39:43'),(342,'대파구매',0,6400,13215710,'2023-01-18 18:39:43'),(343,'돼지고기구매',0,25140,13190570,'2023-01-18 18:39:43'),(344,'김치구매',0,12300,13178270,'2023-01-18 18:39:43'),(345,'y님 구매',69000,0,13247270,'2023-01-18 18:39:46'),(346,'어묵구매',0,26740,13220530,'2023-01-18 18:39:46'),(347,'참치구매',0,31900,13188630,'2023-01-18 18:39:46'),(348,'e님 구매',112000,0,13300630,'2023-01-18 18:39:49'),(349,'우엉구매',0,8440,13292190,'2023-01-18 18:39:50'),(350,'햄구매',0,5700,13286490,'2023-01-18 18:39:50'),(351,'단무지구매',0,2170,13284320,'2023-01-18 18:39:50'),(352,'고추가루구매',0,11000,13273320,'2023-01-18 18:39:50'),(353,'김치구매',0,12300,13261020,'2023-01-18 18:39:50'),(354,'e님 구매',66000,0,13327020,'2023-01-18 18:39:53'),(355,'당근구매',0,17910,13309110,'2023-01-18 18:39:53'),(356,'라면사리구매',0,12400,13296710,'2023-01-18 18:39:53'),(357,'t님 구매',37000,0,13333710,'2023-01-18 18:39:55'),(358,'w님 구매',81000,0,13414710,'2023-01-18 18:39:58'),(359,'어묵구매',0,26740,13387970,'2023-01-18 18:39:58'),(360,'떡구매',0,14400,13373570,'2023-01-18 18:39:58'),(361,'대파구매',0,6400,13367170,'2023-01-18 18:39:58'),(362,'u님 구매',33000,0,13400170,'2023-01-18 18:40:02'),(363,'고추가루구매',0,11000,13389170,'2023-01-18 18:40:02'),(364,'김치구매',0,12300,13376870,'2023-01-18 18:40:03'),(365,'양파구매',0,11900,13364970,'2023-01-18 18:40:03'),(366,'t님 구매',55000,0,13419970,'2023-01-18 18:40:04'),(367,'단무지구매',0,2170,13417800,'2023-01-18 18:40:04'),(368,'a님 구매',39000,0,13456800,'2023-01-18 18:53:57'),(369,'계란구매',0,6780,13450020,'2023-01-18 18:53:57'),(370,'w님 구매',112000,0,13562020,'2023-01-18 18:55:34'),(371,'어묵구매',0,26740,13535280,'2023-01-18 18:55:34'),(372,'김치구매',0,12300,13522980,'2023-01-18 18:55:34'),(373,'a님 구매',40000,0,13562980,'2023-01-18 18:56:08'),(374,'우엉구매',0,8440,13554540,'2023-01-18 18:56:08'),(375,'오이구매',0,18500,13536040,'2023-01-18 18:56:08'),(376,'햄구매',0,5700,13530340,'2023-01-18 18:56:08'),(377,'맛살구매',0,17910,13512430,'2023-01-18 18:56:08'),(378,'단무지구매',0,2170,13510260,'2023-01-18 18:56:08'),(379,'김구매',0,8000,13502260,'2023-01-18 18:56:08'),(380,'돼지고기구매',0,25140,13477120,'2023-01-18 18:56:08'),(381,'t님 구매',60000,0,13537120,'2023-01-18 18:57:04'),(382,'u님 구매',59000,0,13596120,'2023-01-18 18:57:43'),(383,'어묵구매',0,26740,13569380,'2023-01-18 18:57:44'),(384,'참치구매',0,31900,13537480,'2023-01-18 18:57:44'),(385,'대파구매',0,6400,13531080,'2023-01-18 18:57:44'),(386,'고추가루구매',0,11000,13520080,'2023-01-18 18:57:44'),(387,'t님 구매',112000,0,13632080,'2023-01-18 19:00:40'),(388,'떡구매',0,14400,13617680,'2023-01-18 19:00:40'),(389,'김치구매',0,12300,13605380,'2023-01-18 19:00:40'),(390,'t님 구매',53000,0,13658380,'2023-01-18 19:00:58'),(391,'단무지구매',0,2170,13656210,'2023-01-18 19:00:58'),(392,'qq님 구매',112000,0,13768210,'2023-01-18 19:04:06'),(393,'계란구매',0,6780,13761430,'2023-01-18 19:04:07'),(394,'어묵구매',0,26740,13734690,'2023-01-18 19:04:07'),(395,'고추가루구매',0,11000,13723690,'2023-01-18 19:04:07'),(396,'t님 구매',112000,0,13835690,'2023-01-18 19:05:33'),(397,'우엉구매',0,8440,13827250,'2023-01-18 19:05:34'),(398,'햄구매',0,5700,13821550,'2023-01-18 19:05:34'),(399,'단무지구매',0,2170,13819380,'2023-01-18 19:05:34'),(400,'청양고추구매',0,6900,13812480,'2023-01-18 19:05:34'),(401,'김치구매',0,12300,13800180,'2023-01-18 19:05:34'),(402,'양파구매',0,11900,13788280,'2023-01-18 19:05:34'),(403,'r님 구매',98000,0,13886280,'2023-01-18 19:06:10'),(404,'오이구매',0,18500,13867780,'2023-01-18 19:06:10'),(405,'어묵구매',0,26740,13841040,'2023-01-18 19:06:10'),(406,'맛살구매',0,17910,13823130,'2023-01-18 19:06:10'),(407,'대파구매',0,6400,13816730,'2023-01-18 19:06:10'),(408,'u님 구매',38000,0,13854730,'2023-01-18 19:06:55'),(409,'참치구매',0,31900,13822830,'2023-01-18 19:06:55'),(410,'김치구매',0,12300,13810530,'2023-01-18 19:06:55'),(411,'t님 구매',15000,0,13825530,'2023-01-18 19:06:56'),(412,'u님 구매',112000,0,13937530,'2023-01-18 19:07:00'),(413,'떡구매',0,14400,13923130,'2023-01-18 19:07:00'),(414,'설탕구매',0,3950,13919180,'2023-01-18 19:07:00'),(415,'고추가루구매',0,11000,13908180,'2023-01-18 19:07:00'),(416,'라면사리구매',0,12400,13895780,'2023-01-18 19:07:00'),(417,'돼지고기구매',0,25140,13870640,'2023-01-18 19:07:00'),(418,'r님 구매',20000,0,13890640,'2023-01-18 19:07:55'),(419,'계란구매',0,6780,13883860,'2023-01-18 19:07:55'),(420,'당근구매',0,17910,13865950,'2023-01-18 19:07:55'),(421,'어묵구매',0,26740,13839210,'2023-01-18 19:07:55'),(422,'단무지구매',0,2170,13837040,'2023-01-18 19:07:55'),(423,'t님 구매',28000,0,13865040,'2023-01-18 19:08:16'),(424,'y님 구매',112000,0,13977040,'2023-01-18 19:08:19'),(425,'김치구매',0,12300,13964740,'2023-01-18 19:08:20'),(426,'qq님 구매',58000,0,14022740,'2023-01-18 19:08:22'),(427,'대파구매',0,6400,14016340,'2023-01-18 19:08:22'),(428,'간장구매',0,2500,14013840,'2023-01-18 19:08:22'),(429,'고추가루구매',0,11000,14002840,'2023-01-18 19:08:22'),(430,'u님 구매',68000,0,14070840,'2023-01-18 19:08:24'),(431,'우엉구매',0,8440,14062400,'2023-01-18 19:08:25'),(432,'햄구매',0,5700,14056700,'2023-01-18 19:08:25'),(433,'어묵구매',0,26740,14029960,'2023-01-18 19:08:25'),(434,'단무지구매',0,2170,14027790,'2023-01-18 19:08:25'),(435,'y님 구매',53000,0,14080790,'2023-01-18 19:08:26'),(436,'양파구매',0,11900,14068890,'2023-01-18 19:08:26'),(437,'r님 구매',89000,0,14157890,'2023-01-18 19:08:30'),(438,'김치구매',0,12300,14145590,'2023-01-18 19:08:31'),(439,'a님 구매',14000,0,14159590,'2023-01-18 19:08:33'),(440,'새우젓구매',0,23000,14136590,'2023-01-18 19:08:33'),(441,'u님 구매',48000,0,14184590,'2023-01-18 19:08:37'),(442,'떡구매',0,14400,14170190,'2023-01-18 19:08:37'),(443,'a님 구매',28000,0,14198190,'2023-01-18 19:08:38'),(444,'t님 구매',11000,0,14209190,'2023-01-19 09:17:57'),(445,'우엉구매',0,8440,14200750,'2023-01-19 09:17:57'),(446,'오이구매',0,18500,14182250,'2023-01-19 09:17:57'),(447,'계란구매',0,6780,14175470,'2023-01-19 09:17:57'),(448,'햄구매',0,5700,14169770,'2023-01-19 09:17:57'),(449,'어묵구매',0,26740,14143030,'2023-01-19 09:17:57'),(450,'맛살구매',0,17910,14125120,'2023-01-19 09:17:57'),(451,'단무지구매',0,2170,14122950,'2023-01-19 09:17:57'),(452,'김구매',0,8000,14114950,'2023-01-19 09:17:57'),(453,'참치구매',0,31900,14083050,'2023-01-19 09:17:57'),(454,'떡구매',0,14400,14068650,'2023-01-19 09:17:57'),(455,'대파구매',0,6400,14062250,'2023-01-19 09:17:57'),(456,'고추가루구매',0,11000,14051250,'2023-01-19 09:17:57'),(457,'라면사리구매',0,12400,14038850,'2023-01-19 09:17:57'),(458,'돼지고기구매',0,25140,14013710,'2023-01-19 09:17:57'),(459,'청양고추구매',0,6900,14006810,'2023-01-19 09:17:57'),(460,'김치구매',0,12300,13994510,'2023-01-19 09:17:57'),(461,'양파구매',0,11900,13982610,'2023-01-19 09:17:57'),(462,'들기름구매',0,22000,13960610,'2023-01-19 09:17:57'),(463,'r님 구매',50000,0,14010610,'2023-01-19 09:18:07'),(464,'어묵구매',0,26740,13983870,'2023-01-19 09:18:08'),(465,'단무지구매',0,2170,13981700,'2023-01-19 09:18:08'),(466,'떡구매',0,14400,13967300,'2023-01-19 09:18:08'),(467,'고추가루구매',0,11000,13956300,'2023-01-19 09:18:08'),(468,'돼지고기구매',0,25140,13931160,'2023-01-19 09:18:08'),(469,'김치구매',0,12300,13918860,'2023-01-19 09:18:08'),(470,'e님 구매',103000,0,14021860,'2023-01-19 09:18:21'),(471,'참치구매',0,31900,13989960,'2023-01-19 09:18:21'),(472,'돼지고기구매',0,25140,13964820,'2023-01-19 09:18:21'),(473,'김치구매',0,12300,13952520,'2023-01-19 09:18:21'),(474,'w님 구매',95000,0,14047520,'2023-01-19 09:18:35'),(475,'어묵구매',0,26740,14020780,'2023-01-19 09:18:36'),(476,'대파구매',0,6400,14014380,'2023-01-19 09:18:36'),(477,'김치구매',0,12300,14002080,'2023-01-19 09:18:36'),(478,'a님 구매',11000,0,14013080,'2023-01-19 09:18:50'),(479,'e님 구매',69000,0,14082080,'2023-01-19 09:19:01'),(480,'계란구매',0,6780,14075300,'2023-01-19 09:19:01'),(481,'고추가루구매',0,11000,14064300,'2023-01-19 09:19:01'),(482,'김치구매',0,12300,14052000,'2023-01-19 09:19:01'),(483,'양파구매',0,11900,14040100,'2023-01-19 09:19:01'),(484,'다진마늘구매',0,2300,14037800,'2023-01-19 09:19:02'),(485,'y님 구매',54000,0,14091800,'2023-01-19 09:19:14'),(486,'단무지구매',0,2170,14089630,'2023-01-19 09:19:14'),(487,'r님 구매',112000,0,14201630,'2023-01-19 09:19:28'),(488,'오이구매',0,18500,14183130,'2023-01-19 09:19:28'),(489,'맛살구매',0,17910,14165220,'2023-01-19 09:19:28'),(490,'치즈구매',0,21690,14143530,'2023-01-19 09:19:28'),(491,'t님 구매',58000,0,14201530,'2023-01-19 09:19:40'),(492,'어묵구매',0,26740,14174790,'2023-01-19 09:19:40'),(493,'r님 구매',11000,0,14185790,'2023-01-19 09:19:52'),(494,'당근구매',0,17910,14167880,'2023-01-19 09:19:52'),(495,'w님 구매',53000,0,14220880,'2023-01-19 09:20:03'),(496,'김치구매',0,12300,14208580,'2023-01-19 09:20:03'),(497,'w님 구매',44000,0,14252580,'2023-01-19 09:20:13'),(498,'t님 구매',31000,0,14283580,'2023-01-19 09:20:25'),(499,'고추가루구매',0,11000,14272580,'2023-01-19 09:20:26'),(500,'u님 구매',29000,0,14301580,'2023-01-19 09:20:37'),(501,'돼지고기구매',0,25140,14276440,'2023-01-19 09:20:37'),(502,'e님 구매',98000,0,14374440,'2023-01-19 09:20:48'),(503,'우엉구매',0,8440,14366000,'2023-01-19 09:20:48'),(504,'햄구매',0,5700,14360300,'2023-01-19 09:20:48'),(505,'단무지구매',0,2170,14358130,'2023-01-19 09:20:48'),(506,'참치구매',0,31900,14326230,'2023-01-19 09:20:48'),(507,'대파구매',0,6400,14319830,'2023-01-19 09:20:48'),(508,'김치구매',0,12300,14307530,'2023-01-19 09:20:48'),(509,'e님 구매',55000,0,14362530,'2023-01-19 09:21:01'),(510,'e님 구매',95000,0,14457530,'2023-01-19 09:21:15'),(511,'계란구매',0,6780,14450750,'2023-01-19 09:21:15'),(512,'어묵구매',0,26740,14424010,'2023-01-19 09:21:15'),(513,'청양고추구매',0,6900,14417110,'2023-01-19 09:21:15'),(514,'양파구매',0,11900,14405210,'2023-01-19 09:21:15'),(515,'w님 구매',94000,0,14499210,'2023-01-19 09:21:30'),(516,'단무지구매',0,2170,14497040,'2023-01-19 09:21:30'),(517,'떡구매',0,14400,14482640,'2023-01-19 09:21:30'),(518,'고추가루구매',0,11000,14471640,'2023-01-19 09:21:30'),(519,'김치구매',0,12300,14459340,'2023-01-19 09:21:30'),(520,'qq님 구매',112000,0,14571340,'2023-01-19 09:21:41'),(521,'어묵구매',0,26740,14544600,'2023-01-19 09:21:42'),(522,'y님 구매',112000,0,14656600,'2023-01-19 09:21:56'),(523,'오이구매',0,18500,14638100,'2023-01-19 09:22:00'),(524,'맛살구매',0,17910,14620190,'2023-01-19 09:22:00'),(525,'대파구매',0,6400,14613790,'2023-01-19 09:22:00'),(526,'돼지고기구매',0,25140,14588650,'2023-01-19 09:22:01'),(527,'김치구매',0,12300,14576350,'2023-01-19 09:22:01'),(528,'a님 구매',46000,0,14622350,'2023-01-19 09:22:11'),(529,'간장구매',0,2500,14619850,'2023-01-19 09:22:11'),(530,'w님 구매',112000,0,14731850,'2023-01-19 09:22:23'),(531,'우엉구매',0,8440,14723410,'2023-01-19 09:22:23'),(532,'계란구매',0,6780,14716630,'2023-01-19 09:22:23'),(533,'햄구매',0,5700,14710930,'2023-01-19 09:22:23'),(534,'단무지구매',0,2170,14708760,'2023-01-19 09:22:23'),(535,'고추가루구매',0,11000,14697760,'2023-01-19 09:22:23'),(536,'r님 구매',11000,0,14708760,'2023-01-19 09:22:38'),(537,'qq님 구매',34000,0,14742760,'2023-01-19 09:22:49'),(538,'어묵구매',0,26740,14716020,'2023-01-19 09:22:49'),(539,'김치구매',0,12300,14703720,'2023-01-19 09:22:49'),(540,'qq님 구매',94000,0,14797720,'2023-01-19 09:23:02'),(541,'라면사리구매',0,12400,14785320,'2023-01-19 09:23:03'),(542,'a님 구매',112000,0,14897320,'2023-01-19 09:23:16'),(543,'단무지구매',0,2170,14895150,'2023-01-19 09:23:16'),(544,'참치구매',0,31900,14863250,'2023-01-19 09:23:16'),(545,'떡구매',0,14400,14848850,'2023-01-19 09:23:16'),(546,'설탕구매',0,3950,14844900,'2023-01-19 09:23:16'),(547,'양파구매',0,11900,14833000,'2023-01-19 09:23:16'),(548,'t님 구매',51000,0,14884000,'2023-01-19 09:23:33'),(549,'어묵구매',0,26740,14857260,'2023-01-19 09:23:43'),(550,'돼지고기구매',0,25140,14832120,'2023-01-19 09:23:45'),(551,'김치구매',0,12300,14819820,'2023-01-19 09:23:45'),(552,'u님 구매',11000,0,14830820,'2023-01-19 09:23:56'),(553,'r님 구매',94000,0,14924820,'2023-01-19 09:24:08'),(554,'대파구매',0,6400,14918420,'2023-01-19 09:24:08'),(555,'고추가루구매',0,11000,14907420,'2023-01-19 09:24:08'),(556,'e님 구매',101000,0,15008420,'2023-01-19 09:24:19'),(557,'우엉구매',0,8440,14999980,'2023-01-19 09:24:20'),(558,'오이구매',0,18500,14981480,'2023-01-19 09:24:20'),(559,'계란구매',0,6780,14974700,'2023-01-19 09:24:20'),(560,'햄구매',0,5700,14969000,'2023-01-19 09:24:20'),(561,'당근구매',0,17910,14951090,'2023-01-19 09:24:20'),(562,'맛살구매',0,17910,14933180,'2023-01-19 09:24:20'),(563,'단무지구매',0,2170,14931010,'2023-01-19 09:24:20'),(564,'김구매',0,8000,14923010,'2023-01-19 09:24:20'),(565,'고추장구매',0,26500,14896510,'2023-01-19 09:24:20'),(566,'u님 구매',87000,0,14983510,'2023-01-19 09:24:33'),(567,'어묵구매',0,26740,14956770,'2023-01-19 09:24:34'),(568,'김치구매',0,12300,14944470,'2023-01-19 09:24:34'),(569,'t님 구매',95000,0,15039470,'2023-01-19 09:24:44'),(570,'u님 구매',17000,0,15056470,'2023-01-19 09:24:56'),(571,'고추가루구매',0,11000,15045470,'2023-01-19 09:24:56'),(572,'u님 구매',37000,0,15082470,'2023-01-19 09:25:10'),(573,'w님 구매',112000,0,15194470,'2023-01-19 09:25:22'),(574,'t님 구매',101000,0,15295470,'2023-01-19 10:33:09'),(575,'어묵구매',0,26740,15268730,'2023-01-19 10:33:09'),(576,'단무지구매',0,2170,15266560,'2023-01-19 10:33:10'),(577,'참치구매',0,31900,15234660,'2023-01-19 10:33:10'),(578,'떡구매',0,14400,15220260,'2023-01-19 10:33:10'),(579,'대파구매',0,6400,15213860,'2023-01-19 10:33:10'),(580,'돼지고기구매',0,25140,15188720,'2023-01-19 10:33:10'),(581,'청양고추구매',0,6900,15181820,'2023-01-19 10:33:10'),(582,'김치구매',0,12300,15169520,'2023-01-19 10:33:10'),(583,'양파구매',0,11900,15157620,'2023-01-19 10:33:10'),(584,'e님 구매',95000,0,15252620,'2023-01-19 10:33:21'),(585,'qq님 구매',32000,0,15284620,'2023-01-19 10:33:40'),(586,'김치구매',0,12300,15272320,'2023-01-19 10:33:40'),(587,'r님 구매',18000,0,15290320,'2023-01-19 10:33:51'),(588,'qq님 구매',86000,0,15376320,'2023-01-19 10:34:06'),(589,'계란구매',0,6780,15369540,'2023-01-19 10:34:21'),(590,'고추가루구매',0,11000,15358540,'2023-01-19 10:34:22'),(591,'김치구매',0,12300,15346240,'2023-01-19 10:34:24'),(592,'a님 구매',95000,0,15441240,'2023-01-19 10:34:35'),(593,'우엉구매',0,8440,15432800,'2023-01-19 10:34:36'),(594,'햄구매',0,5700,15427100,'2023-01-19 10:34:36'),(595,'단무지구매',0,2170,15424930,'2023-01-19 10:34:36'),(596,'대파구매',0,6400,15418530,'2023-01-19 10:34:36'),(597,'양파구매',0,11900,15406630,'2023-01-19 10:34:36'),(598,'r님 구매',9000,0,15415630,'2023-01-19 10:34:47'),(599,'어묵구매',0,26740,15388890,'2023-01-19 10:34:47'),(600,'u님 구매',97000,0,15485890,'2023-01-19 10:35:06'),(601,'오이구매',0,18500,15467390,'2023-01-19 10:35:25'),(602,'맛살구매',0,17910,15449480,'2023-01-19 10:35:26'),(603,'참치구매',0,31900,15417580,'2023-01-19 10:35:30'),(604,'돼지고기구매',0,25140,15392440,'2023-01-19 10:35:30'),(605,'김치구매',0,12300,15380140,'2023-01-19 10:35:30'),(606,'a님 구매',71000,0,15451140,'2023-01-19 10:35:41'),(607,'w님 구매',112000,0,15563140,'2023-01-19 10:35:52'),(608,'어묵구매',0,26740,15536400,'2023-01-19 10:35:53'),(609,'단무지구매',0,2170,15534230,'2023-01-19 10:35:53'),(610,'고추가루구매',0,11000,15523230,'2023-01-19 10:35:53'),(611,'김치구매',0,12300,15510930,'2023-01-19 10:35:53'),(612,'w님 구매',18000,0,15528930,'2023-01-19 10:36:03'),(613,'a님 구매',35000,0,15563930,'2023-01-19 10:36:17'),(614,'e님 구매',70000,0,15633930,'2023-01-19 10:36:29'),(615,'계란구매',0,6780,15627150,'2023-01-19 10:36:30'),(616,'새우젓구매',0,23000,15604150,'2023-01-19 10:36:30'),(617,'u님 구매',71000,0,15675150,'2023-01-19 10:36:40'),(618,'대파구매',0,6400,15668750,'2023-01-19 10:36:40'),(619,'t님 구매',26000,0,15694750,'2023-01-19 10:36:51'),(620,'우엉구매',0,8440,15686310,'2023-01-19 10:36:51'),(621,'햄구매',0,5700,15680610,'2023-01-19 10:36:51'),(622,'단무지구매',0,2170,15678440,'2023-01-19 10:36:51'),(623,'떡구매',0,14400,15664040,'2023-01-19 10:36:51'),(624,'e님 구매',27000,0,15691040,'2023-01-19 10:37:02'),(625,'고추가루구매',0,11000,15680040,'2023-01-19 10:37:02'),(626,'청양고추구매',0,6900,15673140,'2023-01-19 10:37:02'),(627,'김치구매',0,12300,15660840,'2023-01-19 10:37:02'),(628,'양파구매',0,11900,15648940,'2023-01-19 10:37:02'),(629,'t님 구매',17000,0,15665940,'2023-01-19 10:37:14'),(630,'어묵구매',0,26740,15639200,'2023-01-19 10:37:14'),(631,'라면사리구매',0,12400,15626800,'2023-01-19 10:37:14'),(632,'y님 구매',37000,0,15663800,'2023-01-19 10:37:26'),(633,'당근구매',0,17910,15645890,'2023-01-19 10:37:26'),(634,'a님 구매',14000,0,15659890,'2023-01-19 10:37:38'),(635,'간장구매',0,2500,15657390,'2023-01-19 10:37:38'),(636,'a님 구매',18000,0,15675390,'2023-01-19 10:37:50'),(637,'참치구매',0,31900,15643490,'2023-01-19 10:37:50'),(638,'김치구매',0,12300,15631190,'2023-01-19 10:37:50'),(639,'들기름구매',0,22000,15609190,'2023-01-19 10:37:50'),(640,'w님 구매',32000,0,15641190,'2023-01-19 10:38:01'),(641,'a님 구매',18000,0,15659190,'2023-01-19 10:38:12'),(642,'w님 구매',81000,0,15740190,'2023-01-19 10:38:24'),(643,'qq님 구매',95000,0,15835190,'2023-01-19 10:38:38'),(644,'오이구매',0,18500,15816690,'2023-01-19 10:38:39'),(645,'어묵구매',0,26740,15789950,'2023-01-19 10:38:39'),(646,'맛살구매',0,17910,15772040,'2023-01-19 10:38:39'),(647,'단무지구매',0,2170,15769870,'2023-01-19 10:38:39'),(648,'고추가루구매',0,11000,15758870,'2023-01-19 10:38:39'),(649,'돼지고기구매',0,25140,15733730,'2023-01-19 10:38:39'),(650,'김치구매',0,12300,15721430,'2023-01-19 10:38:39'),(651,'qq님 구매',43000,0,15764430,'2023-01-19 10:38:51'),(652,'대파구매',0,6400,15758030,'2023-01-19 10:38:51'),(653,'e님 구매',95000,0,15853030,'2023-01-19 10:39:04'),(654,'계란구매',0,6780,15846250,'2023-01-19 10:39:05'),(655,'e님 구매',112000,0,15958250,'2023-01-19 10:39:16'),(656,'우엉구매',0,8440,15949810,'2023-01-19 10:39:16'),(657,'햄구매',0,5700,15944110,'2023-01-19 10:39:16'),(658,'단무지구매',0,2170,15941940,'2023-01-19 10:39:16'),(659,'김구매',0,8000,15933940,'2023-01-19 10:39:16'),(660,'김치구매',0,12300,15921640,'2023-01-19 10:39:16'),(661,'양파구매',0,11900,15909740,'2023-01-19 10:39:16'),(662,'된장구매',0,26490,15883250,'2023-01-19 10:39:16'),(663,'qq님 구매',45000,0,15928250,'2023-01-19 10:39:26'),(664,'어묵구매',0,26740,15901510,'2023-01-19 10:39:27'),(665,'떡구매',0,14400,15887110,'2023-01-19 10:39:27'),(666,'고추가루구매',0,11000,15876110,'2023-01-19 10:39:27'),(667,'t님 구매',112000,0,15988110,'2023-01-19 10:39:38'),(668,'r님 구매',57000,0,16045110,'2023-01-19 10:39:49'),(669,'돼지고기구매',0,25140,16019970,'2023-01-19 10:39:50'),(670,'u님 구매',75000,0,16094970,'2023-01-19 10:40:00'),(671,'어묵구매',0,26740,16068230,'2023-01-19 10:40:00'),(672,'참치구매',0,31900,16036330,'2023-01-19 10:40:00'),(673,'대파구매',0,6400,16029930,'2023-01-19 10:40:00'),(674,'설탕구매',0,3950,16025980,'2023-01-19 10:40:00'),(675,'김치구매',0,12300,16013680,'2023-01-19 10:40:00'),(676,'r님 구매',32000,0,16045680,'2023-01-19 11:10:15'),(677,'e님 구매',9000,0,16054680,'2023-01-19 11:10:40'),(678,'단무지구매',0,2170,16052510,'2023-01-19 11:11:00'),(679,'u님 구매',35000,0,16087510,'2023-01-19 11:11:21'),(680,'오이구매',0,18500,16069010,'2023-01-19 11:11:37'),(681,'계란구매',0,6780,16062230,'2023-01-19 11:11:38'),(682,'맛살구매',0,17910,16044320,'2023-01-19 11:11:38'),(683,'a님 구매',11000,0,16055320,'2023-01-19 11:11:51'),(684,'e님 구매',112000,0,16167320,'2023-01-19 11:12:01'),(685,'어묵구매',0,26740,16140580,'2023-01-19 11:12:01'),(686,'고추가루구매',0,11000,16129580,'2023-01-19 11:12:01'),(687,'a님 구매',86000,0,16215580,'2023-01-19 11:12:14'),(688,'우엉구매',0,8440,16207140,'2023-01-19 11:12:14'),(689,'햄구매',0,5700,16201440,'2023-01-19 11:12:14'),(690,'단무지구매',0,2170,16199270,'2023-01-19 11:12:14'),(691,'김치구매',0,12300,16186970,'2023-01-19 11:12:14'),(692,'y님 구매',41000,0,16227970,'2023-01-19 11:12:25'),(693,'e님 구매',14000,0,16241970,'2023-01-19 11:12:37'),(694,'청양고추구매',0,6900,16235070,'2023-01-19 11:12:38'),(695,'양파구매',0,11900,16223170,'2023-01-19 11:12:38'),(696,'w님 구매',88000,0,16311170,'2023-01-19 11:12:48'),(697,'떡구매',0,14400,16296770,'2023-01-19 11:12:48'),(698,'대파구매',0,6400,16290370,'2023-01-19 11:12:48'),(699,'돼지고기구매',0,25140,16265230,'2023-01-19 11:12:48'),(700,'김치구매',0,12300,16252930,'2023-01-19 11:12:48'),(701,'y님 구매',14000,0,16266930,'2023-01-19 11:13:01'),(702,'고추가루구매',0,11000,16255930,'2023-01-19 11:13:02'),(703,'a님 구매',95000,0,16350930,'2023-01-19 11:13:15'),(704,'어묵구매',0,26740,16324190,'2023-01-19 11:13:15'),(705,'t님 구매',9000,0,16333190,'2023-01-19 11:13:26'),(706,'e님 구매',66000,0,16399190,'2023-01-19 11:13:37'),(707,'계란구매',0,6780,16392410,'2023-01-19 11:13:37'),(708,'당근구매',0,17910,16374500,'2023-01-19 11:13:37'),(709,'단무지구매',0,2170,16372330,'2023-01-19 11:13:37'),(710,'a님 구매',11000,0,16383330,'2023-01-19 11:13:50'),(711,'a님 구매',77000,0,16460330,'2023-01-19 11:14:03'),(712,'김치구매',0,12300,16448030,'2023-01-19 11:14:04'),(713,'다진마늘구매',0,2300,16445730,'2023-01-19 11:14:04'),(714,'w님 구매',37000,0,16482730,'2023-01-19 11:14:14'),(715,'오이구매',0,18500,16464230,'2023-01-19 11:14:14'),(716,'맛살구매',0,17910,16446320,'2023-01-19 11:14:14'),(717,'참치구매',0,31900,16414420,'2023-01-19 11:14:14'),(718,'u님 구매',112000,0,16526420,'2023-01-19 11:14:25'),(719,'우엉구매',0,8440,16517980,'2023-01-19 11:14:26'),(720,'햄구매',0,5700,16512280,'2023-01-19 11:14:26'),(721,'어묵구매',0,26740,16485540,'2023-01-19 11:14:26'),(722,'단무지구매',0,2170,16483370,'2023-01-19 11:14:26'),(723,'고추가루구매',0,11000,16472370,'2023-01-19 11:14:26'),(724,'라면사리구매',0,12400,16459970,'2023-01-19 11:14:26'),(725,'돼지고기구매',0,25140,16434830,'2023-01-19 11:14:26'),(726,'u님 구매',11000,0,16445830,'2023-01-19 11:14:38'),(727,'r님 구매',103000,0,16548830,'2023-01-19 11:14:52'),(728,'대파구매',0,6400,16542430,'2023-01-19 11:14:53'),(729,'김치구매',0,12300,16530130,'2023-01-19 11:14:53'),(730,'양파구매',0,11900,16518230,'2023-01-19 11:14:53'),(731,'e님 구매',63000,0,16581230,'2023-01-19 11:15:07'),(732,'계란구매',0,6780,16574450,'2023-01-19 11:15:08'),(733,'어묵구매',0,26740,16547710,'2023-01-19 11:15:08'),(734,'단무지구매',0,2170,16545540,'2023-01-19 11:15:08'),(735,'떡구매',0,14400,16531140,'2023-01-19 11:15:08'),(736,'t님 구매',28000,0,16559140,'2023-01-19 11:15:22'),(737,'r님 구매',84000,0,16643140,'2023-01-19 11:15:34'),(738,'고추가루구매',0,11000,16632140,'2023-01-19 11:15:34'),(739,'y님 구매',51000,0,16683140,'2023-01-19 11:15:49'),(740,'어묵구매',0,26740,16656400,'2023-01-19 11:15:49'),(741,'r님 구매',112000,0,16768400,'2023-01-19 11:16:03'),(742,'간장구매',0,2500,16765900,'2023-01-19 11:16:04'),(743,'김치구매',0,12300,16753600,'2023-01-19 11:16:04'),(744,'r님 구매',69000,0,16822600,'2023-01-19 11:16:16'),(745,'우엉구매',0,8440,16814160,'2023-01-19 11:16:16'),(746,'오이구매',0,18500,16795660,'2023-01-19 11:16:16'),(747,'햄구매',0,5700,16789960,'2023-01-19 11:16:16'),(748,'맛살구매',0,17910,16772050,'2023-01-19 11:16:16'),(749,'단무지구매',0,2170,16769880,'2023-01-19 11:16:16'),(750,'김구매',0,8000,16761880,'2023-01-19 11:16:16'),(751,'돼지고기구매',0,25140,16736740,'2023-01-19 11:16:16'),(752,'qq님 구매',55000,0,16791740,'2023-01-19 11:16:27'),(753,'어묵구매',0,26740,16765000,'2023-01-19 11:16:28'),(754,'떡구매',0,14400,16750600,'2023-01-19 11:16:28'),(755,'대파구매',0,6400,16744200,'2023-01-19 11:16:28'),(756,'u님 구매',98000,0,16842200,'2023-01-19 11:16:41'),(757,'계란구매',0,6780,16835420,'2023-01-19 11:16:41'),(758,'고추가루구매',0,11000,16824420,'2023-01-19 11:16:41'),(759,'e님 구매',92000,0,16916420,'2023-01-19 11:16:54'),(760,'김치구매',0,12300,16904120,'2023-01-19 11:16:54'),(761,'r님 구매',112000,0,17016120,'2023-01-19 11:17:05'),(762,'어묵구매',0,26740,16989380,'2023-01-19 11:17:06'),(763,'단무지구매',0,2170,16987210,'2023-01-19 11:17:06'),(764,'참치구매',0,31900,16955310,'2023-01-19 11:17:06'),(765,'w님 구매',87000,0,17042310,'2023-01-19 11:17:17'),(766,'떡구매',0,14400,17027910,'2023-01-19 11:17:17'),(767,'라면사리구매',0,12400,17015510,'2023-01-19 11:17:17'),(768,'qq님 구매',57000,0,17072510,'2023-01-19 11:17:27'),(769,'당근구매',0,17910,17054600,'2023-01-19 11:17:28'),(770,'치즈구매',0,21690,17032910,'2023-01-19 11:17:28'),(771,'대파구매',0,6400,17026510,'2023-01-19 11:17:28'),(772,'고추가루구매',0,11000,17015510,'2023-01-19 11:17:28'),(773,'w님 구매',92000,0,17107510,'2023-01-19 11:17:41'),(774,'어묵구매',0,26740,17080770,'2023-01-19 11:17:41'),(775,'청양고추구매',0,6900,17073870,'2023-01-19 11:17:41'),(776,'김치구매',0,12300,17061570,'2023-01-19 11:17:41'),(777,'양파구매',0,11900,17049670,'2023-01-19 11:17:41'),(778,'a님 구매',112000,0,17161670,'2023-01-19 11:17:55'),(779,'우엉구매',0,8440,17153230,'2023-01-19 11:17:55'),(780,'햄구매',0,5700,17147530,'2023-01-19 11:17:55'),(781,'단무지구매',0,2170,17145360,'2023-01-19 11:17:55'),(782,'김치구매',0,12300,17133060,'2023-01-19 11:17:55'),(783,'a님 구매',15000,0,17148060,'2023-01-19 11:18:07'),(784,'e님 구매',83000,0,17231060,'2023-01-19 11:18:19'),(785,'오이구매',0,18500,17212560,'2023-01-19 11:18:20'),(786,'계란구매',0,6780,17205780,'2023-01-19 11:18:20'),(787,'맛살구매',0,17910,17187870,'2023-01-19 11:18:20'),(788,'t님 구매',112000,0,17299870,'2023-01-19 11:18:32'),(789,'어묵구매',0,26740,17273130,'2023-01-19 11:18:33'),(790,'고추가루구매',0,11000,17262130,'2023-01-19 11:18:33'),(791,'돼지고기구매',0,25140,17236990,'2023-01-19 11:18:33'),(792,'e님 구매',76000,0,17312990,'2023-01-19 11:18:47'),(793,'참치구매',0,31900,17281090,'2023-01-19 11:18:47'),(794,'떡구매',0,14400,17266690,'2023-01-19 11:18:47'),(795,'대파구매',0,6400,17260290,'2023-01-19 11:18:47'),(796,'김치구매',0,12300,17247990,'2023-01-19 11:18:47'),(797,'qq님 구매',84000,0,17331990,'2023-01-19 11:18:59'),(798,'단무지구매',0,2170,17329820,'2023-01-19 11:19:00'),(799,'qq님 구매',52000,0,17381820,'2023-01-19 11:19:11'),(800,'어묵구매',0,26740,17355080,'2023-01-19 11:19:11'),(801,'설탕구매',0,3950,17351130,'2023-01-19 11:19:11'),(802,'고추가루구매',0,11000,17340130,'2023-01-19 11:19:11'),(803,'r님 구매',46000,0,17386130,'2023-01-19 11:19:25'),(804,'t님 구매',75000,0,17461130,'2023-01-19 11:19:38'),(805,'우엉구매',0,8440,17452690,'2023-01-19 11:19:38'),(806,'햄구매',0,5700,17446990,'2023-01-19 11:19:38'),(807,'단무지구매',0,2170,17444820,'2023-01-19 11:19:38'),(808,'양파구매',0,11900,17432920,'2023-01-19 11:19:38'),(809,'r님 구매',112000,0,17544920,'2023-01-19 11:19:48'),(810,'계란구매',0,6780,17538140,'2023-01-19 11:19:49'),(811,'김치구매',0,12300,17525840,'2023-01-19 11:19:49'),(812,'a님 구매',44000,0,17569840,'2023-01-19 11:19:59'),(813,'어묵구매',0,26740,17543100,'2023-01-19 11:19:59'),(814,'대파구매',0,6400,17536700,'2023-01-19 11:19:59'),(815,'김치구매',0,12300,17524400,'2023-01-19 11:19:59'),(816,'y님 구매',60000,0,17584400,'2023-01-19 11:20:13'),(817,'고추가루구매',0,11000,17573400,'2023-01-19 11:20:14'),(818,'돼지고기구매',0,25140,17548260,'2023-01-19 11:20:14'),(819,'r님 구매',78000,0,17626260,'2023-01-19 11:20:24'),(820,'떡구매',0,14400,17611860,'2023-01-19 11:20:24'),(821,'김치구매',0,12300,17599560,'2023-01-19 11:20:24'),(822,'u님 구매',112000,0,17711560,'2023-01-19 11:20:39'),(823,'오이구매',0,18500,17693060,'2023-01-19 11:20:39'),(824,'어묵구매',0,26740,17666320,'2023-01-19 11:20:39'),(825,'맛살구매',0,17910,17648410,'2023-01-19 11:20:39'),(826,'단무지구매',0,2170,17646240,'2023-01-19 11:20:39'),(827,'참치구매',0,31900,17614340,'2023-01-19 11:20:39'),(828,'청양고추구매',0,6900,17607440,'2023-01-19 11:20:39'),(829,'양파구매',0,11900,17595540,'2023-01-19 11:20:39'),(830,'t님 구매',46000,0,17641540,'2023-01-19 11:20:51'),(831,'a님 구매',42000,0,17683540,'2023-01-19 11:21:02'),(832,'고추가루구매',0,11000,17672540,'2023-01-19 11:21:02'),(833,'qq님 구매',35000,0,17707540,'2023-01-19 11:21:15'),(834,'대파구매',0,6400,17701140,'2023-01-19 11:21:15'),(835,'간장구매',0,2500,17698640,'2023-01-19 11:21:15'),(836,'r님 구매',51000,0,17749640,'2023-01-19 11:21:29'),(837,'라면사리구매',0,12400,17737240,'2023-01-19 11:21:29'),(838,'김치구매',0,12300,17724940,'2023-01-19 11:21:29'),(839,'u님 구매',112000,0,17836940,'2023-01-19 11:21:43'),(840,'우엉구매',0,8440,17828500,'2023-01-19 11:21:44'),(841,'계란구매',0,6780,17821720,'2023-01-19 11:21:44'),(842,'햄구매',0,5700,17816020,'2023-01-19 11:21:44'),(843,'당근구매',0,17910,17798110,'2023-01-19 11:21:44'),(844,'어묵구매',0,26740,17771370,'2023-01-19 11:21:44'),(845,'단무지구매',0,2170,17769200,'2023-01-19 11:21:44'),(846,'김구매',0,8000,17761200,'2023-01-19 11:21:44'),(847,'u님 구매',90000,0,17851200,'2023-01-19 11:21:58'),(848,'돼지고기구매',0,25140,17826060,'2023-01-19 11:21:58'),(849,'새우젓구매',0,23000,17803060,'2023-01-19 11:21:58'),(850,'t님 구매',112000,0,17915060,'2023-01-19 11:23:04'),(851,'떡구매',0,14400,17900660,'2023-01-19 11:23:04'),(852,'고추가루구매',0,11000,17889660,'2023-01-19 11:23:05'),(853,'김치구매',0,12300,17877360,'2023-01-19 11:23:05'),(854,'e님 구매',83000,0,17960360,'2023-01-19 11:23:16'),(855,'대파구매',0,6400,17953960,'2023-01-19 11:23:16'),(856,'u님 구매',97000,0,18050960,'2023-01-19 11:23:26'),(857,'어묵구매',0,26740,18024220,'2023-01-19 11:23:27'),(858,'단무지구매',0,2170,18022050,'2023-01-19 11:23:27'),(859,'김치구매',0,12300,18009750,'2023-01-19 11:23:27'),(860,'양파구매',0,11900,17997850,'2023-01-19 11:23:27'),(861,'들기름구매',0,22000,17975850,'2023-01-19 11:23:27'),(862,'e님 구매',72000,0,18047850,'2023-01-19 11:23:39'),(863,'오이구매',0,18500,18029350,'2023-01-19 11:23:39'),(864,'맛살구매',0,17910,18011440,'2023-01-19 11:23:39'),(865,'참치구매',0,31900,17979540,'2023-01-19 11:23:39'),(866,'고추가루구매',0,11000,17968540,'2023-01-19 11:23:39'),(867,'e님 구매',41000,0,18009540,'2023-01-19 11:23:52'),(868,'w님 구매',28000,0,18037540,'2023-01-19 11:24:00'),(869,'어묵구매',0,26740,18010800,'2023-01-19 11:24:00'),(870,'떡구매',0,14400,17996400,'2023-01-19 11:24:00'),(871,'t님 구매',17000,0,18013400,'2023-01-19 11:24:15'),(872,'r님 구매',9000,0,18022400,'2023-01-19 11:24:25'),(873,'qq님 구매',34000,0,18056400,'2023-01-19 11:24:37'),(874,'계란구매',0,6780,18049620,'2023-01-19 11:24:37'),(875,'r님 구매',29000,0,18078620,'2023-01-19 11:24:51'),(876,'u님 구매',52000,0,18130620,'2023-01-19 11:25:27'),(877,'우엉구매',0,8440,18122180,'2023-01-19 11:26:04'),(878,'햄구매',0,5700,18116480,'2023-01-19 11:26:19'),(879,'단무지구매',0,2170,18114310,'2023-01-19 11:26:35'),(880,'u님 구매',95000,0,18209310,'2023-01-19 11:27:06'),(881,'돼지고기구매',0,25140,18184170,'2023-01-19 11:27:57'),(882,'김치구매',0,12300,18171870,'2023-01-19 11:28:10'),(883,'u님 구매',87000,0,18258870,'2023-01-19 11:28:50'),(884,'어묵구매',0,26740,18232130,'2023-01-19 11:29:00'),(885,'대파구매',0,6400,18225730,'2023-01-19 11:29:00'),(886,'고추가루구매',0,11000,18214730,'2023-01-19 11:29:01'),(887,'y님 구매',40000,0,18254730,'2023-01-19 11:29:13'),(888,'qq님 구매',80000,0,18334730,'2023-01-19 11:29:27'),(889,'단무지구매',0,2170,18332560,'2023-01-19 11:29:27'),(890,'김치구매',0,12300,18320260,'2023-01-19 11:29:27'),(891,'a님 구매',17000,0,18337260,'2023-01-19 11:29:40'),(892,'e님 구매',46000,0,18383260,'2023-01-19 11:29:51'),(893,'e님 구매',17000,0,18400260,'2023-01-19 11:30:05'),(894,'r님 구매',46000,0,18446260,'2023-01-19 11:30:19'),(895,'y님 구매',79000,0,18525260,'2023-01-19 11:30:33'),(896,'오이구매',0,18500,18506760,'2023-01-19 11:30:33'),(897,'계란구매',0,6780,18499980,'2023-01-19 11:30:33'),(898,'어묵구매',0,26740,18473240,'2023-01-19 11:30:33'),(899,'맛살구매',0,17910,18455330,'2023-01-19 11:30:33'),(900,'돼지고기구매',0,25140,18430190,'2023-01-19 11:30:33'),(901,'a님 구매',18000,0,18448190,'2023-01-19 11:30:47'),(902,'청양고추구매',0,6900,18441290,'2023-01-19 11:30:48'),(903,'양파구매',0,11900,18429390,'2023-01-19 11:30:48'),(904,'t님 구매',26000,0,18455390,'2023-01-19 11:30:58'),(905,'e님 구매',17000,0,18472390,'2023-01-19 11:31:10'),(906,'y님 구매',70000,0,18542390,'2023-01-19 11:31:23'),(907,'김치구매',0,12300,18530090,'2023-01-19 11:31:24'),(908,'r님 구매',61000,0,18591090,'2023-01-19 11:31:37'),(909,'우엉구매',0,8440,18582650,'2023-01-19 11:31:37'),(910,'햄구매',0,5700,18576950,'2023-01-19 11:31:37'),(911,'단무지구매',0,2170,18574780,'2023-01-19 11:31:37'),(912,'고추가루구매',0,11000,18563780,'2023-01-19 11:31:37'),(913,'y님 구매',112000,0,18675780,'2023-01-19 11:31:47'),(914,'참치구매',0,31900,18643880,'2023-01-19 11:31:48'),(915,'대파구매',0,6400,18637480,'2023-01-19 11:31:48'),(916,'라면사리구매',0,12400,18625080,'2023-01-19 11:31:48'),(917,'t님 구매',81000,0,18706080,'2023-01-19 11:32:02'),(918,'당근구매',0,17910,18688170,'2023-01-19 11:32:02'),(919,'어묵구매',0,26740,18661430,'2023-01-19 11:32:02'),(920,'떡구매',0,14400,18647030,'2023-01-19 11:32:03'),(921,'김치구매',0,12300,18634730,'2023-01-19 11:32:03'),(922,'a님 구매',18000,0,18652730,'2023-01-19 11:32:17'),(923,'t님 구매',28000,0,18680730,'2023-01-19 11:32:28'),(924,'a님 구매',22000,0,18702730,'2023-01-19 11:32:41'),(925,'단무지구매',0,2170,18700560,'2023-01-19 11:32:42'),(926,'a님 구매',49000,0,18749560,'2023-01-19 11:32:55'),(927,'고추가루구매',0,11000,18738560,'2023-01-19 11:32:55'),(928,'김치구매',0,12300,18726260,'2023-01-19 11:32:55'),(929,'w님 구매',101000,0,18827260,'2023-01-19 11:33:05'),(930,'계란구매',0,6780,18820480,'2023-01-19 11:33:06'),(931,'어묵구매',0,26740,18793740,'2023-01-19 11:33:06'),(932,'대파구매',0,6400,18787340,'2023-01-19 11:33:06'),(933,'설탕구매',0,3950,18783390,'2023-01-19 11:33:06'),(934,'양파구매',0,11900,18771490,'2023-01-19 11:33:06'),(935,'y님 구매',60000,0,18831490,'2023-01-19 11:33:20'),(936,'r님 구매',23000,0,18854490,'2023-01-19 11:33:32'),(937,'돼지고기구매',0,25140,18829350,'2023-01-19 11:33:33'),(938,'김치구매',0,12300,18817050,'2023-01-19 11:33:33'),(939,'u님 구매',75000,0,18892050,'2023-01-19 11:33:45'),(940,'간장구매',0,2500,18889550,'2023-01-19 11:33:45'),(941,'고추가루구매',0,11000,18878550,'2023-01-19 11:33:45'),(942,'a님 구매',63000,0,18941550,'2023-01-19 11:33:55'),(943,'우엉구매',0,8440,18933110,'2023-01-19 11:33:56'),(944,'오이구매',0,18500,18914610,'2023-01-19 11:33:56'),(945,'햄구매',0,5700,18908910,'2023-01-19 11:33:56'),(946,'맛살구매',0,17910,18891000,'2023-01-19 11:33:56'),(947,'단무지구매',0,2170,18888830,'2023-01-19 11:33:56'),(948,'김구매',0,8000,18880830,'2023-01-19 11:33:56'),(949,'참치구매',0,31900,18848930,'2023-01-19 11:33:56'),(950,'김치구매',0,12300,18836630,'2023-01-19 11:33:56'),(951,'t님 구매',51000,0,18887630,'2023-01-19 11:34:09'),(952,'w님 구매',29000,0,18916630,'2023-01-19 11:34:21'),(953,'어묵구매',0,26740,18889890,'2023-01-19 11:34:21'),(954,'y님 구매',53000,0,18942890,'2023-01-19 11:34:32'),(955,'e님 구매',42000,0,18984890,'2023-01-19 11:34:46'),(956,'단무지구매',0,2170,18982720,'2023-01-19 11:34:46'),(957,'떡구매',0,14400,18968320,'2023-01-19 11:34:46'),(958,'대파구매',0,6400,18961920,'2023-01-19 11:34:46'),(959,'청양고추구매',0,6900,18955020,'2023-01-19 11:34:46'),(960,'김치구매',0,12300,18942720,'2023-01-19 11:34:46'),(961,'양파구매',0,11900,18930820,'2023-01-19 11:34:46'),(962,'다진마늘구매',0,2300,18928520,'2023-01-19 11:34:46'),(963,'t님 구매',81000,0,19009520,'2023-01-19 11:34:58'),(964,'고추가루구매',0,11000,18998520,'2023-01-19 11:34:59'),(965,'돼지고기구매',0,25140,18973380,'2023-01-19 11:34:59'),(966,'e님 구매',112000,0,19085380,'2023-01-19 11:35:12'),(967,'계란구매',0,6780,19078600,'2023-01-19 11:35:12'),(968,'어묵구매',0,26740,19051860,'2023-01-19 11:35:12'),(969,'김치구매',0,12300,19039560,'2023-01-19 11:35:12'),(970,'e님 구매',112000,0,19151560,'2023-01-19 11:35:25'),(971,'고추가루구매',0,11000,19140560,'2023-01-19 11:35:26'),(972,'e님 구매',101000,0,19241560,'2023-01-19 11:35:37'),(973,'우엉구매',0,8440,19233120,'2023-01-19 11:35:38'),(974,'햄구매',0,5700,19227420,'2023-01-19 11:35:38'),(975,'단무지구매',0,2170,19225250,'2023-01-19 11:35:38'),(976,'참치구매',0,31900,19193350,'2023-01-19 11:35:38'),(977,'대파구매',0,6400,19186950,'2023-01-19 11:35:38'),(978,'김치구매',0,12300,19174650,'2023-01-19 11:35:38'),(979,'y님 구매',101000,0,19275650,'2023-01-19 11:35:50'),(980,'어묵구매',0,26740,19248910,'2023-01-19 11:35:50'),(981,'y님 구매',40000,0,19288910,'2023-01-19 11:36:05'),(982,'오이구매',0,18500,19270410,'2023-01-19 11:36:05'),(983,'맛살구매',0,17910,19252500,'2023-01-19 11:36:05'),(984,'떡구매',0,14400,19238100,'2023-01-19 11:36:05'),(985,'라면사리구매',0,12400,19225700,'2023-01-19 11:36:05'),(986,'돼지고기구매',0,25140,19200560,'2023-01-19 11:36:05'),(987,'양파구매',0,11900,19188660,'2023-01-19 11:36:05'),(988,'t님 구매',95000,0,19283660,'2023-01-19 11:36:17'),(989,'고추가루구매',0,11000,19272660,'2023-01-19 11:36:18'),(990,'김치구매',0,12300,19260360,'2023-01-19 11:36:18'),(991,'r님 구매',83000,0,19343360,'2023-01-19 11:36:31'),(992,'계란구매',0,6780,19336580,'2023-01-19 11:36:31'),(993,'당근구매',0,17910,19318670,'2023-01-19 11:36:31'),(994,'어묵구매',0,26740,19291930,'2023-01-19 11:36:31'),(995,'단무지구매',0,2170,19289760,'2023-01-19 11:36:31'),(996,'t님 구매',68000,0,19357760,'2023-01-19 11:36:42'),(997,'a님 구매',57000,0,19414760,'2023-01-19 11:36:55'),(998,'대파구매',0,6400,19408360,'2023-01-19 11:36:55'),(999,'u님 구매',95000,0,19503360,'2023-01-19 11:37:09'),(1000,'어묵구매',0,26740,19476620,'2023-01-19 11:37:09'),(1001,'w님 구매',40000,0,19516620,'2023-01-19 11:37:20'),(1002,'돼지고기구매',0,25140,19491480,'2023-01-19 11:37:20'),(1003,'y님 구매',48000,0,19539480,'2023-01-19 11:37:34'),(1004,'떡구매',0,14400,19525080,'2023-01-19 11:37:35'),(1005,'고추가루구매',0,11000,19514080,'2023-01-19 11:37:35'),(1006,'김치구매',0,12300,19501780,'2023-01-19 11:37:35'),(1007,'w님 구매',52000,0,19553780,'2023-01-19 11:37:49'),(1008,'w님 구매',51000,0,19604780,'2023-01-19 11:38:01'),(1009,'우엉구매',0,8440,19596340,'2023-01-19 11:38:02'),(1010,'햄구매',0,5700,19590640,'2023-01-19 11:38:02'),(1011,'단무지구매',0,2170,19588470,'2023-01-19 11:38:02'),(1012,'u님 구매',55000,0,19643470,'2023-01-19 11:38:12'),(1013,'어묵구매',0,26740,19616730,'2023-01-19 11:38:12'),(1014,'e님 구매',54000,0,19670730,'2023-01-19 11:38:24'),(1015,'u님 구매',35000,0,19705730,'2023-01-19 11:38:38'),(1016,'t님 구매',61000,0,19766730,'2023-01-19 11:38:48'),(1017,'오이구매',0,18500,19748230,'2023-01-19 11:38:49'),(1018,'계란구매',0,6780,19741450,'2023-01-19 11:38:49'),(1019,'맛살구매',0,17910,19723540,'2023-01-19 11:38:49'),(1020,'김치구매',0,12300,19711240,'2023-01-19 11:38:49'),(1021,'y님 구매',40000,0,19751240,'2023-01-19 11:38:59'),(1022,'단무지구매',0,2170,19749070,'2023-01-19 11:38:59'),(1023,'u님 구매',97000,0,19846070,'2023-01-19 11:39:09'),(1024,'참치구매',0,31900,19814170,'2023-01-19 11:39:10'),(1025,'대파구매',0,6400,19807770,'2023-01-19 11:39:10'),(1026,'고추가루구매',0,11000,19796770,'2023-01-19 11:39:10'),(1027,'청양고추구매',0,6900,19789870,'2023-01-19 11:39:10'),(1028,'양파구매',0,11900,19777970,'2023-01-19 11:39:10'),(1029,'w님 구매',101000,0,19878970,'2023-01-19 11:39:23'),(1030,'돼지고기구매',0,25140,19853830,'2023-01-19 11:39:23'),(1031,'김치구매',0,12300,19841530,'2023-01-19 11:39:23'),(1032,'u님 구매',14000,0,19855530,'2023-01-19 11:39:35'),(1033,'e님 구매',41000,0,19896530,'2023-01-19 11:39:49'),(1034,'어묵구매',0,26740,19869790,'2023-01-19 11:39:49'),(1035,'a님 구매',95000,0,19964790,'2023-01-19 11:40:00'),(1036,'우엉구매',0,8440,19956350,'2023-01-19 11:40:01'),(1037,'햄구매',0,5700,19950650,'2023-01-19 11:40:01'),(1038,'단무지구매',0,2170,19948480,'2023-01-19 11:40:01'),(1039,'김구매',0,8000,19940480,'2023-01-19 11:40:01'),(1040,'t님 구매',98000,0,20038480,'2023-01-19 11:40:13'),(1041,'치즈구매',0,21690,20016790,'2023-01-19 11:40:14'),(1042,'떡구매',0,14400,20002390,'2023-01-19 11:40:14'),(1043,'간장구매',0,2500,19999890,'2023-01-19 11:40:14'),(1044,'김치구매',0,12300,19987590,'2023-01-19 11:40:14'),(1045,'u님 구매',94000,0,20081590,'2023-01-19 11:40:26'),(1046,'계란구매',0,6780,20074810,'2023-01-19 11:40:26'),(1047,'어묵구매',0,26740,20048070,'2023-01-19 11:40:26'),(1048,'고추가루구매',0,11000,20037070,'2023-01-19 11:40:26'),(1049,'r님 구매',26000,0,20063070,'2023-01-19 11:40:37'),(1050,'y님 구매',56000,0,20119070,'2023-01-19 11:40:50'),(1051,'오이구매',0,18500,20100570,'2023-01-19 11:40:50'),(1052,'맛살구매',0,17910,20082660,'2023-01-19 11:40:50'),(1053,'단무지구매',0,2170,20080490,'2023-01-19 11:40:50'),(1054,'e님 구매',66000,0,20146490,'2023-01-19 11:41:05'),(1055,'대파구매',0,6400,20140090,'2023-01-19 11:41:05'),(1056,'qq님 구매',112000,0,20252090,'2023-01-19 11:41:15'),(1057,'당근구매',0,17910,20234180,'2023-01-19 11:41:16'),(1058,'어묵구매',0,26740,20207440,'2023-01-19 11:41:16'),(1059,'설탕구매',0,3950,20203490,'2023-01-19 11:41:16'),(1060,'라면사리구매',0,12400,20191090,'2023-01-19 11:41:16'),(1061,'a님 구매',35000,0,20226090,'2023-01-19 11:41:29'),(1062,'r님 구매',112000,0,20338090,'2023-01-19 11:41:42'),(1063,'우엉구매',0,8440,20329650,'2023-01-19 11:41:43'),(1064,'햄구매',0,5700,20323950,'2023-01-19 11:41:43'),(1065,'단무지구매',0,2170,20321780,'2023-01-19 11:41:43'),(1066,'참치구매',0,31900,20289880,'2023-01-19 11:41:43'),(1067,'고추가루구매',0,11000,20278880,'2023-01-19 11:41:43'),(1068,'새우젓구매',0,23000,20255880,'2023-01-19 11:41:43'),(1069,'김치구매',0,12300,20243580,'2023-01-19 11:41:43'),(1070,'양파구매',0,11900,20231680,'2023-01-19 11:41:43'),(1071,'t님 구매',101000,0,20332680,'2023-01-19 11:41:57'),(1072,'어묵구매',0,26740,20305940,'2023-01-19 11:41:58'),(1073,'떡구매',0,14400,20291540,'2023-01-19 11:41:58'),(1074,'돼지고기구매',0,25140,20266400,'2023-01-19 11:41:58'),(1075,'w님 구매',15000,0,20281400,'2023-01-19 11:42:10'),(1076,'w님 구매',22000,0,20303400,'2023-01-19 11:42:22'),(1077,'계란구매',0,6780,20296620,'2023-01-19 11:42:22'),(1078,'r님 구매',69000,0,20365620,'2023-01-19 11:42:33'),(1079,'대파구매',0,6400,20359220,'2023-01-19 11:42:33'),(1080,'김치구매',0,12300,20346920,'2023-01-19 11:42:33'),(1081,'r님 구매',40000,0,20386920,'2023-01-19 11:42:43'),(1082,'단무지구매',0,2170,20384750,'2023-01-19 11:42:43'),(1083,'qq님 구매',63000,0,20447750,'2023-01-19 11:42:58'),(1084,'김치구매',0,12300,20435450,'2023-01-19 11:42:58'),(1085,'들기름구매',0,22000,20413450,'2023-01-19 11:42:58'),(1086,'w님 구매',112000,0,20525450,'2023-01-19 11:43:11'),(1087,'오이구매',0,18500,20506950,'2023-01-19 11:43:12'),(1088,'어묵구매',0,26740,20480210,'2023-01-19 11:43:12'),(1089,'맛살구매',0,17910,20462300,'2023-01-19 11:43:12'),(1090,'고추가루구매',0,11000,20451300,'2023-01-19 11:43:12'),(1091,'u님 구매',64000,0,20515300,'2023-01-19 11:43:22'),(1092,'우엉구매',0,8440,20506860,'2023-01-19 11:43:22'),(1093,'햄구매',0,5700,20501160,'2023-01-19 11:43:22'),(1094,'단무지구매',0,2170,20498990,'2023-01-19 11:43:23'),(1095,'청양고추구매',0,6900,20492090,'2023-01-19 11:43:23'),(1096,'양파구매',0,11900,20480190,'2023-01-19 11:43:23'),(1097,'e님 구매',17000,0,20497190,'2023-01-19 11:43:36'),(1098,'r님 구매',41000,0,20538190,'2023-01-19 11:43:49'),(1099,'계란구매',0,6780,20531410,'2023-01-19 11:43:49'),(1100,'qq님 구매',63000,0,20594410,'2023-01-19 11:44:00'),(1101,'참치구매',0,31900,20562510,'2023-01-19 11:44:01'),(1102,'r님 구매',95000,0,20657510,'2023-01-19 11:44:15'),(1103,'어묵구매',0,26740,20630770,'2023-01-19 11:44:15'),(1104,'단무지구매',0,2170,20628600,'2023-01-19 11:44:15'),(1105,'김치구매',0,12300,20616300,'2023-01-19 11:44:15'),(1106,'a님 구매',20000,0,20636300,'2023-01-19 11:44:32'),(1107,'t님 구매',53000,0,20689300,'2023-01-19 11:44:46'),(1108,'돼지고기구매',0,25140,20664160,'2023-01-19 11:44:47'),(1109,'w님 구매',112000,0,20776160,'2023-01-19 11:44:58'),(1110,'어묵구매',0,26740,20749420,'2023-01-19 11:44:58'),(1111,'대파구매',0,6400,20743020,'2023-01-19 11:44:58'),(1112,'고추가루구매',0,11000,20732020,'2023-01-19 11:44:58'),(1113,'e님 구매',92000,0,20824020,'2023-01-19 11:45:09'),(1114,'우엉구매',0,8440,20815580,'2023-01-19 11:45:10'),(1115,'오이구매',0,18500,20797080,'2023-01-19 11:45:10'),(1116,'계란구매',0,6780,20790300,'2023-01-19 11:45:10'),(1117,'햄구매',0,5700,20784600,'2023-01-19 11:45:10'),(1118,'당근구매',0,17910,20766690,'2023-01-19 11:45:10'),(1119,'맛살구매',0,17910,20748780,'2023-01-19 11:45:10'),(1120,'단무지구매',0,2170,20746610,'2023-01-19 11:45:10'),(1121,'김구매',0,8000,20738610,'2023-01-19 11:45:10'),(1122,'떡구매',0,14400,20724210,'2023-01-19 11:45:10'),(1123,'고추장구매',0,26500,20697710,'2023-01-19 11:45:10'),(1124,'김치구매',0,12300,20685410,'2023-01-19 11:45:10'),(1125,'u님 구매',26000,0,20711410,'2023-01-19 11:45:24'),(1126,'r님 구매',112000,0,20823410,'2023-01-19 11:45:35'),(1127,'qq님 구매',28000,0,20851410,'2023-01-19 11:45:46'),(1128,'w님 구매',72000,0,20923410,'2023-01-19 11:45:59'),(1129,'어묵구매',0,26740,20896670,'2023-01-19 11:45:59'),(1130,'김치구매',0,12300,20884370,'2023-01-19 11:45:59');
/*!40000 ALTER TABLE `finance` ENABLE KEYS */;
UNLOCK TABLES;

--
-- Table structure for table `inventory`
--

DROP TABLE IF EXISTS `inventory`;
/*!40101 SET @saved_cs_client     = @@character_set_client */;
/*!50503 SET character_set_client = utf8mb4 */;
CREATE TABLE `inventory` (
  `재료` text,
  `수량` int DEFAULT NULL,
  `단가` int DEFAULT NULL,
  `구매량` int DEFAULT NULL,
  `단위` text
) ENGINE=InnoDB DEFAULT CHARSET=utf8mb4 COLLATE=utf8mb4_0900_ai_ci;
/*!40101 SET character_set_client = @saved_cs_client */;

--
-- Dumping data for table `inventory`
--

LOCK TABLES `inventory` WRITE;
/*!40000 ALTER TABLE `inventory` DISABLE KEYS */;
INSERT INTO `inventory` VALUES ('간장',984,2500,1800,'g'),('계란',39,6780,30,'개'),('고추가루',1640,11000,1000,'g'),('고추장',15360,26500,14000,'g'),('김치',40800,12300,10000,'g'),('다진마늘',504,2300,1000,'g'),('단무지',770,2170,500,'g'),('당근',3360,17910,3000,'g'),('대파',2500,6400,2000,'g'),('돼지고기',6300,25140,3000,'g'),('된장',5520,26490,14000,'g'),('들기름',1808,22000,1800,'g'),('떡',21600,14400,8000,'g'),('라면사리',54,12400,48,'개'),('맛살',2450,17910,2000,'g'),('새우젓',1960,23000,2200,'ml'),('설탕',2440,3950,3000,'g'),('양파',6400,11900,5000,'g'),('어묵',63,26740,24,'장'),('오이',2450,18500,2000,'g'),('우엉',1270,8440,1000,'g'),('참치',2380,31900,1880,'g'),('청양고추',1140,6900,1000,'g'),('치즈',100,21690,100,'장'),('햄',1270,5700,1000,'g'),('김',109,8000,100,'장');
/*!40000 ALTER TABLE `inventory` ENABLE KEYS */;
UNLOCK TABLES;

--
-- Table structure for table `menu`
--

DROP TABLE IF EXISTS `menu`;
/*!40101 SET @saved_cs_client     = @@character_set_client */;
/*!50503 SET character_set_client = utf8mb4 */;
CREATE TABLE `menu` (
  `상품` text,
  `단가` int DEFAULT NULL,
  `단위` text
) ENGINE=InnoDB DEFAULT CHARSET=utf8mb4 COLLATE=utf8mb4_0900_ai_ci;
/*!40101 SET character_set_client = @saved_cs_client */;

--
-- Dumping data for table `menu`
--

LOCK TABLES `menu` WRITE;
/*!40000 ALTER TABLE `menu` DISABLE KEYS */;
INSERT INTO `menu` VALUES ('김밥',9000,'원'),('참치김밥',11000,'원'),('치즈김밥',11000,'원'),('떡복이',15000,'원'),('라볶이',17000,'원'),('치즈떡복이',17000,'원'),('돼지김치찌개',14000,'원'),('참치김치찌개',18000,'원');
/*!40000 ALTER TABLE `menu` ENABLE KEYS */;
UNLOCK TABLES;

--
-- Table structure for table `question`
--

DROP TABLE IF EXISTS `question`;
/*!40101 SET @saved_cs_client     = @@character_set_client */;
/*!50503 SET character_set_client = utf8mb4 */;
CREATE TABLE `question` (
  `주문번호` text,
  `상품` text,
  `아이디` text,
  `내용` text,
  `시간` text,
  `답변` text
) ENGINE=InnoDB DEFAULT CHARSET=utf8mb4 COLLATE=utf8mb4_0900_ai_ci;
/*!40101 SET character_set_client = @saved_cs_client */;

--
-- Dumping data for table `question`
--

LOCK TABLES `question` WRITE;
/*!40000 ALTER TABLE `question` DISABLE KEYS */;
INSERT INTO `question` VALUES ('408','참치김치찌개','u','혹시 서비스 있나요?','2023-01-18 19:06:55','없어요'),('408','김밥','u','많이파세요','2023-01-18 19:06:55',''),('408','참치김밥','u','많이파세요','2023-01-18 19:06:55',''),('411','떡복이','t','혹시 서비스 있나요?','2023-01-18 19:06:56','없어요'),('412','치즈김밥','u','많이파세요','2023-01-18 19:07:00',''),('412','떡복이','u','좋은 재료 쓰시나봐요','2023-01-18 19:07:00',''),('412','치즈떡복이','u','많이파세요','2023-01-18 19:07:00',''),('412','참치김밥','u','혹시 서비스 있나요?','2023-01-18 19:07:00','없어요'),('412','돼지김치찌개','u','혹시 서비스 있나요?','2023-01-18 19:07:00','없어요'),('412','라볶이','u','잘먹을게요','2023-01-18 19:07:00',''),('412','참치김치찌개','u','좋은 재료 쓰시나봐요','2023-01-18 19:07:00',''),('412','김밥','u','다시 구매 합니다.','2023-01-18 19:07:00',''),('418','김밥','r','다시 구매 합니다.','2023-01-18 19:07:55',''),('418','참치김밥','r','좋은 재료 쓰시나봐요','2023-01-18 19:07:55',''),('423','라볶이','t','잘먹을게요','2023-01-18 19:08:16',''),('423','참치김밥','t','좋은 재료 쓰시나봐요','2023-01-18 19:08:16',''),('424','참치김밥','y','좋은 재료 쓰시나봐요','2023-01-18 19:08:20',''),('424','돼지김치찌개','y','잘먹을게요','2023-01-18 19:08:20',''),('424','김밥','y','좋은 재료 쓰시나봐요','2023-01-18 19:08:20',''),('424','참치김치찌개','y','많이파세요','2023-01-18 19:08:20',''),('424','치즈떡복이','y','잘먹을게요','2023-01-18 19:08:20',''),('424','치즈김밥','y','다시 구매 합니다.','2023-01-18 19:08:20',''),('424','떡복이','y','혹시 서비스 있나요?','2023-01-18 19:08:20','없어요'),('424','라볶이','y','혹시 서비스 있나요?','2023-01-18 19:08:20','없어요'),('426','김밥','qq','좋은 재료 쓰시나봐요','2023-01-18 19:08:22',''),('426','라볶이','qq','다시 구매 합니다.','2023-01-18 19:08:22',''),('426','돼지김치찌개','qq','많이파세요','2023-01-18 19:08:22',''),('426','참치김치찌개','qq','혹시 서비스 있나요?','2023-01-18 19:08:22','없어요'),('430','참치김밥','u','혹시 서비스 있나요?','2023-01-18 19:08:25','없어요'),('430','치즈김밥','u','좋은 재료 쓰시나봐요','2023-01-18 19:08:25',''),('430','떡복이','u','많이파세요','2023-01-18 19:08:25',''),('430','돼지김치찌개','u','잘먹을게요','2023-01-18 19:08:25',''),('430','치즈떡복이','u','다시 구매 합니다.','2023-01-18 19:08:25',''),('435','김밥','y','잘먹을게요','2023-01-18 19:08:26',''),('435','참치김밥','y','혹시 서비스 있나요?','2023-01-18 19:08:26','없어요'),('435','떡복이','y','많이파세요','2023-01-18 19:08:26',''),('435','참치김치찌개','y','잘먹을게요','2023-01-18 19:08:26',''),('437','떡복이','r','좋은 재료 쓰시나봐요','2023-01-18 19:08:31',''),('437','라볶이','r','다시 구매 합니다.','2023-01-18 19:08:31',''),('437','참치김치찌개','r','다시 구매 합니다.','2023-01-18 19:08:31',''),('437','참치김밥','r','다시 구매 합니다.','2023-01-18 19:08:31',''),('437','치즈떡복이','r','혹시 서비스 있나요?','2023-01-18 19:08:31','없어요'),('437','치즈김밥','r','다시 구매 합니다.','2023-01-18 19:08:31',''),('439','돼지김치찌개','a','잘먹을게요','2023-01-18 19:08:33',''),('441','치즈김밥','u','좋은 재료 쓰시나봐요','2023-01-18 19:08:37',''),('441','라볶이','u','좋은 재료 쓰시나봐요','2023-01-18 19:08:37',''),('441','김밥','u','많이파세요','2023-01-18 19:08:37',''),('441','참치김밥','u','다시 구매 합니다.','2023-01-18 19:08:37',''),('444','참치김밥','t','많이파세요','2023-01-19 09:17:57',''),('463','참치김치찌개','r','다시 구매 합니다.','2023-01-19 09:18:08',''),('463','떡복이','r','잘먹을게요','2023-01-19 09:18:08',''),('463','치즈떡복이','r','잘먹을게요','2023-01-19 09:18:08',''),('470','치즈김밥','e','혹시 서비스 있나요?','2023-01-19 09:18:21','없어요'),('470','참치김치찌개','e','잘먹을게요','2023-01-19 09:18:21',''),('470','라볶이','e','혹시 서비스 있나요?','2023-01-19 09:18:21','없어요'),('470','돼지김치찌개','e','혹시 서비스 있나요?','2023-01-19 09:18:21','없어요'),('470','참치김밥','e','혹시 서비스 있나요?','2023-01-19 09:18:21','없어요'),('470','치즈떡복이','e','혹시 서비스 있나요?','2023-01-19 09:18:21','없어요'),('470','떡복이','e','잘먹을게요','2023-01-19 09:18:21',''),('474','치즈떡복이','w','다시 구매 합니다.','2023-01-19 09:18:36',''),('474','치즈김밥','w','혹시 서비스 있나요?','2023-01-19 09:18:36','없어요'),('474','참치김치찌개','w','잘먹을게요','2023-01-19 09:18:36',''),('474','떡복이','w','잘먹을게요','2023-01-19 09:18:36',''),('474','참치김밥','w','잘먹을게요','2023-01-19 09:18:36',''),('474','김밥','w','많이파세요','2023-01-19 09:18:36',''),('474','돼지김치찌개','w','다시 구매 합니다.','2023-01-19 09:18:36',''),('478','참치김밥','a','다시 구매 합니다.','2023-01-19 09:18:50',''),('479','김밥','e','다시 구매 합니다.','2023-01-19 09:19:02',''),('479','치즈김밥','e','많이파세요','2023-01-19 09:19:02',''),('479','치즈떡복이','e','다시 구매 합니다.','2023-01-19 09:19:02',''),('479','돼지김치찌개','e','많이파세요','2023-01-19 09:19:02',''),('479','참치김치찌개','e','잘먹을게요','2023-01-19 09:19:02',''),('485','김밥','y','많이파세요','2023-01-19 09:19:14',''),('485','라볶이','y','다시 구매 합니다.','2023-01-19 09:19:14',''),('485','치즈떡복이','y','많이파세요','2023-01-19 09:19:14',''),('485','치즈김밥','y','많이파세요','2023-01-19 09:19:14',''),('487','김밥','r','잘먹을게요','2023-01-19 09:19:28',''),('487','떡복이','r','다시 구매 합니다.','2023-01-19 09:19:28',''),('487','참치김치찌개','r','혹시 서비스 있나요?','2023-01-19 09:19:28','없어요'),('487','라볶이','r','잘먹을게요','2023-01-19 09:19:28',''),('487','치즈김밥','r','다시 구매 합니다.','2023-01-19 09:19:28',''),('487','참치김밥','r','잘먹을게요','2023-01-19 09:19:28',''),('487','돼지김치찌개','r','다시 구매 합니다.','2023-01-19 09:19:28',''),('487','치즈떡복이','r','많이파세요','2023-01-19 09:19:28',''),('491','떡복이','t','다시 구매 합니다.','2023-01-19 09:19:40',''),('491','김밥','t','좋은 재료 쓰시나봐요','2023-01-19 09:19:40',''),('491','라볶이','t','잘먹을게요','2023-01-19 09:19:40',''),('491','치즈떡복이','t','많이파세요','2023-01-19 09:19:40',''),('493','치즈김밥','r','다시 구매 합니다.','2023-01-19 09:19:52',''),('495','참치김밥','w','좋은 재료 쓰시나봐요','2023-01-19 09:20:03',''),('495','떡복이','w','많이파세요','2023-01-19 09:20:03',''),('495','김밥','w','잘먹을게요','2023-01-19 09:20:03',''),('495','참치김치찌개','w','잘먹을게요','2023-01-19 09:20:03',''),('497','떡복이','w','다시 구매 합니다.','2023-01-19 09:20:13',''),('497','참치김치찌개','w','혹시 서비스 있나요?','2023-01-19 09:20:13','없어요'),('497','치즈김밥','w','좋은 재료 쓰시나봐요','2023-01-19 09:20:13',''),('498','돼지김치찌개','t','혹시 서비스 있나요?','2023-01-19 09:20:26','없어요'),('498','치즈떡복이','t','다시 구매 합니다.','2023-01-19 09:20:26',''),('500','떡복이','u','혹시 서비스 있나요?','2023-01-19 09:20:37','없어요'),('500','돼지김치찌개','u','잘먹을게요','2023-01-19 09:20:37',''),('502','떡복이','e','좋은 재료 쓰시나봐요','2023-01-19 09:20:48',''),('502','김밥','e','잘먹을게요','2023-01-19 09:20:48',''),('502','참치김치찌개','e','잘먹을게요','2023-01-19 09:20:48',''),('502','치즈김밥','e','많이파세요','2023-01-19 09:20:48',''),('502','참치김밥','e','다시 구매 합니다.','2023-01-19 09:20:48',''),('502','라볶이','e','잘먹을게요','2023-01-19 09:20:48',''),('502','치즈떡복이','e','많이파세요','2023-01-19 09:20:48',''),('509','치즈떡복이','e','혹시 서비스 있나요?','2023-01-19 09:21:01','없어요'),('509','김밥','e','혹시 서비스 있나요?','2023-01-19 09:21:01','없어요'),('509','참치김치찌개','e','많이파세요','2023-01-19 09:21:01',''),('509','치즈김밥','e','다시 구매 합니다.','2023-01-19 09:21:01',''),('510','라볶이','e','많이파세요','2023-01-19 09:21:15',''),('510','김밥','e','좋은 재료 쓰시나봐요','2023-01-19 09:21:15',''),('510','돼지김치찌개','e','좋은 재료 쓰시나봐요','2023-01-19 09:21:15',''),('510','참치김치찌개','e','혹시 서비스 있나요?','2023-01-19 09:21:15','없어요'),('510','참치김밥','e','혹시 서비스 있나요?','2023-01-19 09:21:15','없어요'),('510','치즈김밥','e','많이파세요','2023-01-19 09:21:15',''),('510','떡복이','e','잘먹을게요','2023-01-19 09:21:15',''),('515','돼지김치찌개','w','혹시 서비스 있나요?','2023-01-19 09:21:30','없어요'),('515','참치김밥','w','좋은 재료 쓰시나봐요','2023-01-19 09:21:30',''),('515','김밥','w','많이파세요','2023-01-19 09:21:30',''),('515','치즈김밥','w','좋은 재료 쓰시나봐요','2023-01-19 09:21:30',''),('515','치즈떡복이','w','잘먹을게요','2023-01-19 09:21:30',''),('515','떡복이','w','다시 구매 합니다.','2023-01-19 09:21:30',''),('515','라볶이','w','좋은 재료 쓰시나봐요','2023-01-19 09:21:30',''),('520','참치김밥','qq','혹시 서비스 있나요?','2023-01-19 09:21:42','없어요'),('520','라볶이','qq','다시 구매 합니다.','2023-01-19 09:21:42',''),('520','김밥','qq','다시 구매 합니다.','2023-01-19 09:21:42',''),('520','치즈떡복이','qq','혹시 서비스 있나요?','2023-01-19 09:21:42','없어요'),('520','참치김치찌개','qq','많이파세요','2023-01-19 09:21:42',''),('520','돼지김치찌개','qq','많이파세요','2023-01-19 09:21:42',''),('520','치즈김밥','qq','많이파세요','2023-01-19 09:21:42',''),('520','떡복이','qq','많이파세요','2023-01-19 09:21:42',''),('522','돼지김치찌개','y','다시 구매 합니다.','2023-01-19 09:22:01',''),('522','라볶이','y','많이파세요','2023-01-19 09:22:01',''),('522','치즈떡복이','y','많이파세요','2023-01-19 09:22:01',''),('522','참치김밥','y','잘먹을게요','2023-01-19 09:22:01',''),('522','치즈김밥','y','잘먹을게요','2023-01-19 09:22:01',''),('522','떡복이','y','다시 구매 합니다.','2023-01-19 09:22:01',''),('522','김밥','y','혹시 서비스 있나요?','2023-01-19 09:22:01','없어요'),('522','참치김치찌개','y','많이파세요','2023-01-19 09:22:01',''),('528','치즈김밥','a','다시 구매 합니다.','2023-01-19 09:22:11',''),('528','치즈떡복이','a','다시 구매 합니다.','2023-01-19 09:22:11',''),('528','참치김치찌개','a','잘먹을게요','2023-01-19 09:22:11',''),('530','치즈김밥','w','혹시 서비스 있나요?','2023-01-19 09:22:23','없어요'),('530','참치김밥','w','잘먹을게요','2023-01-19 09:22:23',''),('530','김밥','w','다시 구매 합니다.','2023-01-19 09:22:23',''),('530','참치김치찌개','w','많이파세요','2023-01-19 09:22:23',''),('530','떡복이','w','다시 구매 합니다.','2023-01-19 09:22:23',''),('530','돼지김치찌개','w','잘먹을게요','2023-01-19 09:22:23',''),('530','치즈떡복이','w','혹시 서비스 있나요?','2023-01-19 09:22:23','없어요'),('530','라볶이','w','잘먹을게요','2023-01-19 09:22:23',''),('536','치즈김밥','r','다시 구매 합니다.','2023-01-19 09:22:38',''),('537','김밥','qq','혹시 서비스 있나요?','2023-01-19 09:22:49','없어요'),('537','치즈김밥','qq','잘먹을게요','2023-01-19 09:22:49',''),('537','돼지김치찌개','qq','다시 구매 합니다.','2023-01-19 09:22:49',''),('540','돼지김치찌개','qq','다시 구매 합니다.','2023-01-19 09:23:03',''),('540','김밥','qq','잘먹을게요','2023-01-19 09:23:03',''),('540','참치김밥','qq','좋은 재료 쓰시나봐요','2023-01-19 09:23:03',''),('540','떡복이','qq','잘먹을게요','2023-01-19 09:23:03',''),('540','치즈김밥','qq','좋은 재료 쓰시나봐요','2023-01-19 09:23:03',''),('540','치즈떡복이','qq','혹시 서비스 있나요?','2023-01-19 09:23:03','없어요'),('540','라볶이','qq','좋은 재료 쓰시나봐요','2023-01-19 09:23:03',''),('542','라볶이','a','혹시 서비스 있나요?','2023-01-19 09:23:16','없어요'),('542','김밥','a','다시 구매 합니다.','2023-01-19 09:23:16',''),('542','참치김밥','a','잘먹을게요','2023-01-19 09:23:16',''),('542','치즈김밥','a','혹시 서비스 있나요?','2023-01-19 09:23:16','없어요'),('542','치즈떡복이','a','다시 구매 합니다.','2023-01-19 09:23:16',''),('542','참치김치찌개','a','다시 구매 합니다.','2023-01-19 09:23:16',''),('542','돼지김치찌개','a','잘먹을게요','2023-01-19 09:23:16',''),('542','떡복이','a','좋은 재료 쓰시나봐요','2023-01-19 09:23:16',''),('548','라볶이','t','혹시 서비스 있나요?','2023-01-19 09:23:45','없어요'),('548','김밥','t','다시 구매 합니다.','2023-01-19 09:23:45',''),('548','치즈김밥','t','다시 구매 합니다.','2023-01-19 09:23:45',''),('548','돼지김치찌개','t','다시 구매 합니다.','2023-01-19 09:23:45',''),('552','참치김밥','u','잘먹을게요','2023-01-19 09:23:56',''),('553','떡복이','r','좋은 재료 쓰시나봐요','2023-01-19 09:24:08',''),('553','참치김밥','r','많이파세요','2023-01-19 09:24:08',''),('553','김밥','r','다시 구매 합니다.','2023-01-19 09:24:08',''),('553','치즈떡복이','r','잘먹을게요','2023-01-19 09:24:08',''),('553','치즈김밥','r','많이파세요','2023-01-19 09:24:08',''),('553','돼지김치찌개','r','많이파세요','2023-01-19 09:24:08',''),('553','라볶이','r','많이파세요','2023-01-19 09:24:08',''),('556','라볶이','e','잘먹을게요','2023-01-19 09:24:20',''),('556','김밥','e','혹시 서비스 있나요?','2023-01-19 09:24:20','없어요'),('556','치즈떡복이','e','다시 구매 합니다.','2023-01-19 09:24:20',''),('556','참치김밥','e','좋은 재료 쓰시나봐요','2023-01-19 09:24:20',''),('556','참치김치찌개','e','다시 구매 합니다.','2023-01-19 09:24:20',''),('556','떡복이','e','잘먹을게요','2023-01-19 09:24:20',''),('556','돼지김치찌개','e','좋은 재료 쓰시나봐요','2023-01-19 09:24:20',''),('566','참치김밥','u','혹시 서비스 있나요?','2023-01-19 09:24:34','없어요'),('566','참치김치찌개','u','잘먹을게요','2023-01-19 09:24:34',''),('566','라볶이','u','많이파세요','2023-01-19 09:24:34',''),('566','치즈떡복이','u','다시 구매 합니다.','2023-01-19 09:24:34',''),('566','떡복이','u','혹시 서비스 있나요?','2023-01-19 09:24:34','없어요'),('566','김밥','u','많이파세요','2023-01-19 09:24:34',''),('569','김밥','t','많이파세요','2023-01-19 09:24:44',''),('569','참치김밥','t','다시 구매 합니다.','2023-01-19 09:24:44',''),('569','치즈떡복이','t','많이파세요','2023-01-19 09:24:44',''),('569','돼지김치찌개','t','좋은 재료 쓰시나봐요','2023-01-19 09:24:44',''),('569','떡복이','t','다시 구매 합니다.','2023-01-19 09:24:44',''),('569','참치김치찌개','t','많이파세요','2023-01-19 09:24:44',''),('569','치즈김밥','t','많이파세요','2023-01-19 09:24:44',''),('570','라볶이','u','혹시 서비스 있나요?','2023-01-19 09:24:56','없어요'),('572','참치김밥','u','좋은 재료 쓰시나봐요','2023-01-19 09:25:10',''),('572','치즈김밥','u','혹시 서비스 있나요?','2023-01-19 09:25:10','없어요'),('572','떡복이','u','좋은 재료 쓰시나봐요','2023-01-19 09:25:10',''),('574','돼지김치찌개','t','좋은 재료 쓰시나봐요','2023-01-19 10:33:10',''),('574','치즈떡복이','t','혹시 서비스 있나요?','2023-01-19 10:33:10','없어요'),('574','라볶이','t','혹시 서비스 있나요?','2023-01-19 10:33:10','없어요'),('574','김밥','t','좋은 재료 쓰시나봐요','2023-01-19 10:33:10',''),('574','참치김밥','t','좋은 재료 쓰시나봐요','2023-01-19 10:33:10',''),('574','떡복이','t','많이파세요','2023-01-19 10:33:10',''),('574','참치김치찌개','t','잘먹을게요','2023-01-19 10:33:10',''),('584','떡복이','e','다시 구매 합니다.','2023-01-19 10:33:21',''),('584','치즈떡복이','e','잘먹을게요','2023-01-19 10:33:21',''),('584','참치김치찌개','e','많이파세요','2023-01-19 10:33:21',''),('584','김밥','e','잘먹을게요','2023-01-19 10:33:21',''),('584','치즈김밥','e','잘먹을게요','2023-01-19 10:33:21',''),('584','참치김밥','e','많이파세요','2023-01-19 10:33:21',''),('584','돼지김치찌개','e','혹시 서비스 있나요?','2023-01-19 10:33:21','없어요'),('585','돼지김치찌개','qq','혹시 서비스 있나요?','2023-01-19 10:33:40','없어요'),('585','참치김치찌개','qq','혹시 서비스 있나요?','2023-01-19 10:33:40','없어요'),('587','참치김치찌개','r','잘먹을게요','2023-01-19 10:33:51',''),('588','라볶이','qq','다시 구매 합니다.','2023-01-19 10:34:24',''),('588','참치김치찌개','qq','좋은 재료 쓰시나봐요','2023-01-19 10:34:24',''),('588','돼지김치찌개','qq','다시 구매 합니다.','2023-01-19 10:34:24',''),('588','참치김밥','qq','좋은 재료 쓰시나봐요','2023-01-19 10:34:24',''),('588','김밥','qq','많이파세요','2023-01-19 10:34:24',''),('588','치즈떡복이','qq','좋은 재료 쓰시나봐요','2023-01-19 10:34:24',''),('592','치즈떡복이','a','잘먹을게요','2023-01-19 10:34:36',''),('592','참치김치찌개','a','좋은 재료 쓰시나봐요','2023-01-19 10:34:36',''),('592','참치김밥','a','혹시 서비스 있나요?','2023-01-19 10:34:36','없어요'),('592','김밥','a','혹시 서비스 있나요?','2023-01-19 10:34:36','없어요'),('592','떡복이','a','혹시 서비스 있나요?','2023-01-19 10:34:36','없어요'),('592','치즈김밥','a','좋은 재료 쓰시나봐요','2023-01-19 10:34:36',''),('592','돼지김치찌개','a','잘먹을게요','2023-01-19 10:34:36',''),('598','김밥','r','좋은 재료 쓰시나봐요','2023-01-19 10:34:47',''),('600','참치김밥','u','다시 구매 합니다.','2023-01-19 10:35:30',''),('600','김밥','u','좋은 재료 쓰시나봐요','2023-01-19 10:35:30',''),('600','라볶이','u','잘먹을게요','2023-01-19 10:35:30',''),('600','돼지김치찌개','u','혹시 서비스 있나요?','2023-01-19 10:35:30',''),('600','참치김치찌개','u','많이파세요','2023-01-19 10:35:30',''),('600','치즈김밥','u','좋은 재료 쓰시나봐요','2023-01-19 10:35:30',''),('600','치즈떡복이','u','혹시 서비스 있나요?','2023-01-19 10:35:30',''),('606','떡복이','a','혹시 서비스 있나요?','2023-01-19 10:35:41',''),('606','참치김밥','a','혹시 서비스 있나요?','2023-01-19 10:35:41',''),('606','치즈김밥','a','혹시 서비스 있나요?','2023-01-19 10:35:41',''),('606','라볶이','a','다시 구매 합니다.','2023-01-19 10:35:41',''),('606','치즈떡복이','a','잘먹을게요','2023-01-19 10:35:41',''),('607','참치김치찌개','w','다시 구매 합니다.','2023-01-19 10:35:53',''),('607','떡복이','w','다시 구매 합니다.','2023-01-19 10:35:53',''),('607','김밥','w','잘먹을게요','2023-01-19 10:35:53',''),('607','라볶이','w','많이파세요','2023-01-19 10:35:53',''),('607','돼지김치찌개','w','잘먹을게요','2023-01-19 10:35:53',''),('607','참치김밥','w','다시 구매 합니다.','2023-01-19 10:35:53',''),('607','치즈김밥','w','잘먹을게요','2023-01-19 10:35:53',''),('607','치즈떡복이','w','다시 구매 합니다.','2023-01-19 10:35:53',''),('612','참치김치찌개','w','좋은 재료 쓰시나봐요','2023-01-19 10:36:03',''),('613','떡복이','a','잘먹을게요','2023-01-19 10:36:17',''),('613','치즈김밥','a','많이파세요','2023-01-19 10:36:17',''),('613','김밥','a','많이파세요','2023-01-19 10:36:17',''),('614','김밥','e','잘먹을게요','2023-01-19 10:36:30',''),('614','치즈떡복이','e','많이파세요','2023-01-19 10:36:30',''),('614','참치김치찌개','e','다시 구매 합니다.','2023-01-19 10:36:30',''),('614','떡복이','e','다시 구매 합니다.','2023-01-19 10:36:30',''),('614','치즈김밥','e','다시 구매 합니다.','2023-01-19 10:36:30',''),('617','떡복이','u','혹시 서비스 있나요?','2023-01-19 10:36:40',''),('617','참치김밥','u','많이파세요','2023-01-19 10:36:40',''),('617','치즈떡복이','u','잘먹을게요','2023-01-19 10:36:40',''),('617','치즈김밥','u','잘먹을게요','2023-01-19 10:36:40',''),('617','라볶이','u','혹시 서비스 있나요?','2023-01-19 10:36:40',''),('619','김밥','t','다시 구매 합니다.','2023-01-19 10:36:51',''),('619','라볶이','t','잘먹을게요','2023-01-19 10:36:51',''),('624','참치김치찌개','e','좋은 재료 쓰시나봐요','2023-01-19 10:37:02',''),('624','김밥','e','많이파세요','2023-01-19 10:37:02',''),('629','라볶이','t','잘먹을게요','2023-01-19 10:37:14',''),('632','김밥','y','많이파세요','2023-01-19 10:37:26',''),('632','참치김밥','y','좋은 재료 쓰시나봐요','2023-01-19 10:37:26',''),('632','치즈떡복이','y','좋은 재료 쓰시나봐요','2023-01-19 10:37:26',''),('634','돼지김치찌개','a','잘먹을게요','2023-01-19 10:37:38',''),('636','참치김치찌개','a','혹시 서비스 있나요?','2023-01-19 10:37:50',''),('640','라볶이','w','혹시 서비스 있나요?','2023-01-19 10:38:01',''),('640','떡복이','w','다시 구매 합니다.','2023-01-19 10:38:01',''),('641','참치김치찌개','a','혹시 서비스 있나요?','2023-01-19 10:38:13',''),('642','김밥','w','좋은 재료 쓰시나봐요','2023-01-19 10:38:24',''),('642','참치김치찌개','w','많이파세요','2023-01-19 10:38:24',''),('642','참치김밥','w','많이파세요','2023-01-19 10:38:24',''),('642','치즈떡복이','w','많이파세요','2023-01-19 10:38:24',''),('642','떡복이','w','잘먹을게요','2023-01-19 10:38:24',''),('642','치즈김밥','w','다시 구매 합니다.','2023-01-19 10:38:24',''),('643','라볶이','qq','혹시 서비스 있나요?','2023-01-19 10:38:39',''),('643','돼지김치찌개','qq','잘먹을게요','2023-01-19 10:38:39',''),('643','참치김밥','qq','잘먹을게요','2023-01-19 10:38:39',''),('643','치즈김밥','qq','다시 구매 합니다.','2023-01-19 10:38:39',''),('643','김밥','qq','다시 구매 합니다.','2023-01-19 10:38:39',''),('643','참치김치찌개','qq','많이파세요','2023-01-19 10:38:39',''),('643','떡복이','qq','많이파세요','2023-01-19 10:38:39',''),('651','돼지김치찌개','qq','혹시 서비스 있나요?','2023-01-19 10:38:51',''),('651','참치김치찌개','qq','좋은 재료 쓰시나봐요','2023-01-19 10:38:51',''),('651','참치김밥','qq','다시 구매 합니다.','2023-01-19 10:38:51',''),('653','돼지김치찌개','e','많이파세요','2023-01-19 10:39:05',''),('653','치즈떡복이','e','많이파세요','2023-01-19 10:39:05',''),('653','치즈김밥','e','혹시 서비스 있나요?','2023-01-19 10:39:05',''),('653','김밥','e','좋은 재료 쓰시나봐요','2023-01-19 10:39:05',''),('653','참치김치찌개','e','혹시 서비스 있나요?','2023-01-19 10:39:05',''),('653','떡복이','e','좋은 재료 쓰시나봐요','2023-01-19 10:39:05',''),('653','참치김밥','e','잘먹을게요','2023-01-19 10:39:05',''),('655','참치김치찌개','e','좋은 재료 쓰시나봐요','2023-01-19 10:39:16',''),('655','참치김밥','e','많이파세요','2023-01-19 10:39:16',''),('655','돼지김치찌개','e','좋은 재료 쓰시나봐요','2023-01-19 10:39:16',''),('655','떡복이','e','혹시 서비스 있나요?','2023-01-19 10:39:16',''),('655','라볶이','e','혹시 서비스 있나요?','2023-01-19 10:39:16',''),('655','치즈김밥','e','좋은 재료 쓰시나봐요','2023-01-19 10:39:16',''),('655','김밥','e','좋은 재료 쓰시나봐요','2023-01-19 10:39:16',''),('655','치즈떡복이','e','잘먹을게요','2023-01-19 10:39:16',''),('663','치즈김밥','qq','혹시 서비스 있나요?','2023-01-19 10:39:27',''),('663','치즈떡복이','qq','좋은 재료 쓰시나봐요','2023-01-19 10:39:27',''),('663','라볶이','qq','잘먹을게요','2023-01-19 10:39:27',''),('667','치즈떡복이','t','많이파세요','2023-01-19 10:39:38',''),('667','떡복이','t','다시 구매 합니다.','2023-01-19 10:39:38',''),('667','참치김밥','t','다시 구매 합니다.','2023-01-19 10:39:38',''),('667','김밥','t','다시 구매 합니다.','2023-01-19 10:39:38',''),('667','돼지김치찌개','t','다시 구매 합니다.','2023-01-19 10:39:38',''),('667','참치김치찌개','t','좋은 재료 쓰시나봐요','2023-01-19 10:39:38',''),('667','치즈김밥','t','많이파세요','2023-01-19 10:39:38',''),('667','라볶이','t','잘먹을게요','2023-01-19 10:39:38',''),('668','치즈김밥','r','좋은 재료 쓰시나봐요','2023-01-19 10:39:50',''),('668','치즈떡복이','r','많이파세요','2023-01-19 10:39:50',''),('668','떡복이','r','많이파세요','2023-01-19 10:39:50',''),('668','돼지김치찌개','r','많이파세요','2023-01-19 10:39:50',''),('670','라볶이','u','다시 구매 합니다.','2023-01-19 10:40:00',''),('670','돼지김치찌개','u','좋은 재료 쓰시나봐요','2023-01-19 10:40:00',''),('670','떡복이','u','좋은 재료 쓰시나봐요','2023-01-19 10:40:00',''),('670','치즈김밥','u','다시 구매 합니다.','2023-01-19 10:40:00',''),('670','참치김치찌개','u','혹시 서비스 있나요?','2023-01-19 10:40:00',''),('676','떡복이','r','좋은 재료 쓰시나봐요','2023-01-19 11:10:15',''),('676','치즈떡복이','r','좋은 재료 쓰시나봐요','2023-01-19 11:10:15',''),('677','김밥','e','좋은 재료 쓰시나봐요','2023-01-19 11:11:01',''),('679','떡복이','u','다시 구매 합니다.','2023-01-19 11:11:38',''),('679','참치김밥','u','많이파세요','2023-01-19 11:11:38',''),('679','김밥','u','많이파세요','2023-01-19 11:11:38',''),('683','치즈김밥','a','많이파세요','2023-01-19 11:11:51',''),('684','치즈떡복이','e','다시 구매 합니다.','2023-01-19 11:12:01',''),('684','치즈김밥','e','많이파세요','2023-01-19 11:12:01',''),('684','김밥','e','좋은 재료 쓰시나봐요','2023-01-19 11:12:01',''),('684','참치김밥','e','좋은 재료 쓰시나봐요','2023-01-19 11:12:01',''),('684','참치김치찌개','e','다시 구매 합니다.','2023-01-19 11:12:01',''),('684','떡복이','e','많이파세요','2023-01-19 11:12:01',''),('684','라볶이','e','혹시 서비스 있나요?','2023-01-19 11:12:01',''),('684','돼지김치찌개','e','잘먹을게요','2023-01-19 11:12:01',''),('687','돼지김치찌개','a','많이파세요','2023-01-19 11:12:14',''),('687','떡복이','a','잘먹을게요','2023-01-19 11:12:14',''),('687','참치김밥','a','다시 구매 합니다.','2023-01-19 11:12:14',''),('687','참치김치찌개','a','다시 구매 합니다.','2023-01-19 11:12:14',''),('687','치즈떡복이','a','많이파세요','2023-01-19 11:12:14',''),('687','치즈김밥','a','좋은 재료 쓰시나봐요','2023-01-19 11:12:14',''),('692','떡복이','y','좋은 재료 쓰시나봐요','2023-01-19 11:12:25',''),('692','치즈떡복이','y','잘먹을게요','2023-01-19 11:12:25',''),('692','김밥','y','혹시 서비스 있나요?','2023-01-19 11:12:25',''),('693','돼지김치찌개','e','혹시 서비스 있나요?','2023-01-19 11:12:38',''),('696','치즈김밥','w','좋은 재료 쓰시나봐요','2023-01-19 11:12:48',''),('696','라볶이','w','다시 구매 합니다.','2023-01-19 11:12:48',''),('696','돼지김치찌개','w','다시 구매 합니다.','2023-01-19 11:12:48',''),('696','참치김치찌개','w','혹시 서비스 있나요?','2023-01-19 11:12:48',''),('696','치즈떡복이','w','다시 구매 합니다.','2023-01-19 11:12:48',''),('696','참치김밥','w','다시 구매 합니다.','2023-01-19 11:12:48',''),('701','돼지김치찌개','y','많이파세요','2023-01-19 11:13:02',''),('703','떡복이','a','다시 구매 합니다.','2023-01-19 11:13:15',''),('703','김밥','a','많이파세요','2023-01-19 11:13:15',''),('703','돼지김치찌개','a','좋은 재료 쓰시나봐요','2023-01-19 11:13:15',''),('703','라볶이','a','다시 구매 합니다.','2023-01-19 11:13:15',''),('703','참치김밥','a','많이파세요','2023-01-19 11:13:15',''),('703','참치김치찌개','a','좋은 재료 쓰시나봐요','2023-01-19 11:13:15',''),('703','치즈김밥','a','혹시 서비스 있나요?','2023-01-19 11:13:15',''),('705','김밥','t','많이파세요','2023-01-19 11:13:27',''),('706','치즈김밥','e','잘먹을게요','2023-01-19 11:13:37',''),('706','치즈떡복이','e','혹시 서비스 있나요?','2023-01-19 11:13:37',''),('706','떡복이','e','잘먹을게요','2023-01-19 11:13:37',''),('706','김밥','e','잘먹을게요','2023-01-19 11:13:37',''),('706','돼지김치찌개','e','잘먹을게요','2023-01-19 11:13:37',''),('710','참치김밥','a','다시 구매 합니다.','2023-01-19 11:13:50',''),('711','돼지김치찌개','a','많이파세요','2023-01-19 11:14:04',''),('711','라볶이','a','다시 구매 합니다.','2023-01-19 11:14:04',''),('711','참치김치찌개','a','다시 구매 합니다.','2023-01-19 11:14:04',''),('711','치즈떡복이','a','다시 구매 합니다.','2023-01-19 11:14:04',''),('711','참치김밥','a','잘먹을게요','2023-01-19 11:14:04',''),('714','치즈떡복이','w','잘먹을게요','2023-01-19 11:14:14',''),('714','김밥','w','잘먹을게요','2023-01-19 11:14:14',''),('714','참치김밥','w','많이파세요','2023-01-19 11:14:14',''),('718','김밥','u','잘먹을게요','2023-01-19 11:14:26',''),('718','돼지김치찌개','u','혹시 서비스 있나요?','2023-01-19 11:14:26',''),('718','참치김치찌개','u','많이파세요','2023-01-19 11:14:26',''),('718','라볶이','u','좋은 재료 쓰시나봐요','2023-01-19 11:14:26',''),('718','치즈떡복이','u','혹시 서비스 있나요?','2023-01-19 11:14:26',''),('718','떡복이','u','혹시 서비스 있나요?','2023-01-19 11:14:26',''),('718','참치김밥','u','많이파세요','2023-01-19 11:14:26',''),('718','치즈김밥','u','다시 구매 합니다.','2023-01-19 11:14:26',''),('726','치즈김밥','u','혹시 서비스 있나요?','2023-01-19 11:14:38',''),('727','돼지김치찌개','r','좋은 재료 쓰시나봐요','2023-01-19 11:14:53',''),('727','라볶이','r','좋은 재료 쓰시나봐요','2023-01-19 11:14:53',''),('727','떡복이','r','혹시 서비스 있나요?','2023-01-19 11:14:53',''),('727','참치김치찌개','r','좋은 재료 쓰시나봐요','2023-01-19 11:14:53',''),('727','치즈떡복이','r','많이파세요','2023-01-19 11:14:53',''),('727','참치김밥','r','좋은 재료 쓰시나봐요','2023-01-19 11:14:53',''),('727','치즈김밥','r','혹시 서비스 있나요?','2023-01-19 11:14:53',''),('731','참치김밥','e','잘먹을게요','2023-01-19 11:15:08',''),('731','김밥','e','다시 구매 합니다.','2023-01-19 11:15:08',''),('731','치즈김밥','e','다시 구매 합니다.','2023-01-19 11:15:08',''),('731','떡복이','e','다시 구매 합니다.','2023-01-19 11:15:08',''),('731','라볶이','e','혹시 서비스 있나요?','2023-01-19 11:15:08',''),('736','치즈김밥','t','많이파세요','2023-01-19 11:15:22',''),('736','라볶이','t','다시 구매 합니다.','2023-01-19 11:15:22',''),('737','참치김밥','r','잘먹을게요','2023-01-19 11:15:34',''),('737','참치김치찌개','r','좋은 재료 쓰시나봐요','2023-01-19 11:15:34',''),('737','김밥','r','혹시 서비스 있나요?','2023-01-19 11:15:34',''),('737','돼지김치찌개','r','잘먹을게요','2023-01-19 11:15:34',''),('737','떡복이','r','좋은 재료 쓰시나봐요','2023-01-19 11:15:34',''),('737','라볶이','r','혹시 서비스 있나요?','2023-01-19 11:15:34',''),('739','치즈떡복이','y','좋은 재료 쓰시나봐요','2023-01-19 11:15:49',''),('739','돼지김치찌개','y','잘먹을게요','2023-01-19 11:15:49',''),('739','김밥','y','잘먹을게요','2023-01-19 11:15:49',''),('739','치즈김밥','y','잘먹을게요','2023-01-19 11:15:49',''),('741','참치김밥','r','혹시 서비스 있나요?','2023-01-19 11:16:04',''),('741','참치김치찌개','r','잘먹을게요','2023-01-19 11:16:04',''),('741','떡복이','r','잘먹을게요','2023-01-19 11:16:04',''),('741','치즈김밥','r','좋은 재료 쓰시나봐요','2023-01-19 11:16:04',''),('741','라볶이','r','좋은 재료 쓰시나봐요','2023-01-19 11:16:04',''),('741','돼지김치찌개','r','다시 구매 합니다.','2023-01-19 11:16:04',''),('741','치즈떡복이','r','많이파세요','2023-01-19 11:16:04',''),('741','김밥','r','많이파세요','2023-01-19 11:16:04',''),('744','치즈김밥','r','좋은 재료 쓰시나봐요','2023-01-19 11:16:16',''),('744','돼지김치찌개','r','많이파세요','2023-01-19 11:16:16',''),('744','참치김밥','r','혹시 서비스 있나요?','2023-01-19 11:16:16',''),('744','떡복이','r','좋은 재료 쓰시나봐요','2023-01-19 11:16:16',''),('744','참치김치찌개','r','많이파세요','2023-01-19 11:16:16',''),('752','참치김치찌개','qq','좋은 재료 쓰시나봐요','2023-01-19 11:16:28',''),('752','치즈김밥','qq','잘먹을게요','2023-01-19 11:16:28',''),('752','라볶이','qq','혹시 서비스 있나요?','2023-01-19 11:16:28',''),('752','김밥','qq','잘먹을게요','2023-01-19 11:16:28',''),('756','떡복이','u','다시 구매 합니다.','2023-01-19 11:16:41',''),('756','참치김밥','u','잘먹을게요','2023-01-19 11:16:41',''),('756','치즈떡복이','u','다시 구매 합니다.','2023-01-19 11:16:41',''),('756','김밥','u','많이파세요','2023-01-19 11:16:41',''),('756','라볶이','u','잘먹을게요','2023-01-19 11:16:41',''),('756','참치김치찌개','u','혹시 서비스 있나요?','2023-01-19 11:16:41',''),('756','치즈김밥','u','좋은 재료 쓰시나봐요','2023-01-19 11:16:41',''),('759','돼지김치찌개','e','혹시 서비스 있나요?','2023-01-19 11:16:54',''),('759','참치김치찌개','e','좋은 재료 쓰시나봐요','2023-01-19 11:16:54',''),('759','치즈김밥','e','다시 구매 합니다.','2023-01-19 11:16:54',''),('759','치즈떡복이','e','다시 구매 합니다.','2023-01-19 11:16:54',''),('759','떡복이','e','좋은 재료 쓰시나봐요','2023-01-19 11:16:54',''),('759','라볶이','e','많이파세요','2023-01-19 11:16:54',''),('761','김밥','r','좋은 재료 쓰시나봐요','2023-01-19 11:17:06',''),('761','라볶이','r','잘먹을게요','2023-01-19 11:17:06',''),('761','떡복이','r','혹시 서비스 있나요?','2023-01-19 11:17:06',''),('761','참치김치찌개','r','잘먹을게요','2023-01-19 11:17:06',''),('761','참치김밥','r','많이파세요','2023-01-19 11:17:06',''),('761','치즈김밥','r','많이파세요','2023-01-19 11:17:06',''),('761','치즈떡복이','r','많이파세요','2023-01-19 11:17:06',''),('761','돼지김치찌개','r','혹시 서비스 있나요?','2023-01-19 11:17:06',''),('765','떡복이','w','많이파세요','2023-01-19 11:17:17',''),('765','김밥','w','많이파세요','2023-01-19 11:17:17',''),('765','라볶이','w','많이파세요','2023-01-19 11:17:17',''),('765','치즈김밥','w','좋은 재료 쓰시나봐요','2023-01-19 11:17:17',''),('765','치즈떡복이','w','잘먹을게요','2023-01-19 11:17:17',''),('765','참치김치찌개','w','혹시 서비스 있나요?','2023-01-19 11:17:17',''),('768','라볶이','qq','다시 구매 합니다.','2023-01-19 11:17:28',''),('768','참치김치찌개','qq','잘먹을게요','2023-01-19 11:17:28',''),('768','치즈김밥','qq','다시 구매 합니다.','2023-01-19 11:17:28',''),('768','참치김밥','qq','잘먹을게요','2023-01-19 11:17:28',''),('773','치즈김밥','w','많이파세요','2023-01-19 11:17:41',''),('773','라볶이','w','잘먹을게요','2023-01-19 11:17:41',''),('773','떡복이','w','잘먹을게요','2023-01-19 11:17:41',''),('773','치즈떡복이','w','많이파세요','2023-01-19 11:17:41',''),('773','참치김치찌개','w','좋은 재료 쓰시나봐요','2023-01-19 11:17:41',''),('773','돼지김치찌개','w','다시 구매 합니다.','2023-01-19 11:17:41',''),('778','돼지김치찌개','a','혹시 서비스 있나요?','2023-01-19 11:17:55',''),('778','라볶이','a','좋은 재료 쓰시나봐요','2023-01-19 11:17:55',''),('778','참치김밥','a','혹시 서비스 있나요?','2023-01-19 11:17:55',''),('778','치즈떡복이','a','혹시 서비스 있나요?','2023-01-19 11:17:55',''),('778','떡복이','a','혹시 서비스 있나요?','2023-01-19 11:17:55',''),('778','참치김치찌개','a','잘먹을게요','2023-01-19 11:17:55',''),('778','치즈김밥','a','좋은 재료 쓰시나봐요','2023-01-19 11:17:55',''),('778','김밥','a','많이파세요','2023-01-19 11:17:55',''),('783','떡복이','a','혹시 서비스 있나요?','2023-01-19 11:18:07',''),('784','라볶이','e','많이파세요','2023-01-19 11:18:20',''),('784','김밥','e','좋은 재료 쓰시나봐요','2023-01-19 11:18:20',''),('784','참치김밥','e','다시 구매 합니다.','2023-01-19 11:18:20',''),('784','치즈떡복이','e','다시 구매 합니다.','2023-01-19 11:18:20',''),('784','돼지김치찌개','e','많이파세요','2023-01-19 11:18:20',''),('784','떡복이','e','혹시 서비스 있나요?','2023-01-19 11:18:20',''),('788','라볶이','t','혹시 서비스 있나요?','2023-01-19 11:18:33',''),('788','치즈김밥','t','많이파세요','2023-01-19 11:18:33',''),('788','돼지김치찌개','t','혹시 서비스 있나요?','2023-01-19 11:18:33',''),('788','치즈떡복이','t','많이파세요','2023-01-19 11:18:33',''),('788','김밥','t','잘먹을게요','2023-01-19 11:18:33',''),('788','참치김치찌개','t','혹시 서비스 있나요?','2023-01-19 11:18:33',''),('788','참치김밥','t','많이파세요','2023-01-19 11:18:33',''),('788','떡복이','t','잘먹을게요','2023-01-19 11:18:33',''),('792','라볶이','e','많이파세요','2023-01-19 11:18:47',''),('792','김밥','e','많이파세요','2023-01-19 11:18:47',''),('792','떡복이','e','많이파세요','2023-01-19 11:18:47',''),('792','치즈떡복이','e','좋은 재료 쓰시나봐요','2023-01-19 11:18:47',''),('792','참치김치찌개','e','많이파세요','2023-01-19 11:18:47',''),('797','치즈떡복이','qq','많이파세요','2023-01-19 11:19:00',''),('797','참치김치찌개','qq','다시 구매 합니다.','2023-01-19 11:19:00',''),('797','치즈김밥','qq','좋은 재료 쓰시나봐요','2023-01-19 11:19:00',''),('797','돼지김치찌개','qq','다시 구매 합니다.','2023-01-19 11:19:00',''),('797','김밥','qq','잘먹을게요','2023-01-19 11:19:00',''),('797','떡복이','qq','많이파세요','2023-01-19 11:19:00',''),('799','떡복이','qq','좋은 재료 쓰시나봐요','2023-01-19 11:19:11',''),('799','치즈김밥','qq','잘먹을게요','2023-01-19 11:19:11',''),('799','라볶이','qq','혹시 서비스 있나요?','2023-01-19 11:19:11',''),('799','김밥','qq','많이파세요','2023-01-19 11:19:11',''),('803','떡복이','r','좋은 재료 쓰시나봐요','2023-01-19 11:19:26',''),('803','치즈김밥','r','좋은 재료 쓰시나봐요','2023-01-19 11:19:26',''),('803','김밥','r','혹시 서비스 있나요?','2023-01-19 11:19:26',''),('803','참치김밥','r','많이파세요','2023-01-19 11:19:26',''),('804','돼지김치찌개','t','좋은 재료 쓰시나봐요','2023-01-19 11:19:38',''),('804','참치김치찌개','t','좋은 재료 쓰시나봐요','2023-01-19 11:19:38',''),('804','치즈김밥','t','좋은 재료 쓰시나봐요','2023-01-19 11:19:38',''),('804','떡복이','t','잘먹을게요','2023-01-19 11:19:38',''),('804','라볶이','t','혹시 서비스 있나요?','2023-01-19 11:19:38',''),('809','치즈떡복이','r','혹시 서비스 있나요?','2023-01-19 11:19:49',''),('809','라볶이','r','많이파세요','2023-01-19 11:19:49',''),('809','돼지김치찌개','r','잘먹을게요','2023-01-19 11:19:49',''),('809','참치김치찌개','r','혹시 서비스 있나요?','2023-01-19 11:19:49',''),('809','치즈김밥','r','좋은 재료 쓰시나봐요','2023-01-19 11:19:49',''),('809','김밥','r','다시 구매 합니다.','2023-01-19 11:19:49',''),('809','참치김밥','r','혹시 서비스 있나요?','2023-01-19 11:19:49',''),('809','떡복이','r','많이파세요','2023-01-19 11:19:49',''),('812','치즈김밥','a','혹시 서비스 있나요?','2023-01-19 11:19:59',''),('812','떡복이','a','많이파세요','2023-01-19 11:19:59',''),('812','참치김치찌개','a','많이파세요','2023-01-19 11:19:59',''),('816','라볶이','y','다시 구매 합니다.','2023-01-19 11:20:14',''),('816','치즈김밥','y','잘먹을게요','2023-01-19 11:20:14',''),('816','참치김치찌개','y','혹시 서비스 있나요?','2023-01-19 11:20:14',''),('816','돼지김치찌개','y','많이파세요','2023-01-19 11:20:14',''),('819','참치김밥','r','잘먹을게요','2023-01-19 11:20:24',''),('819','라볶이','r','좋은 재료 쓰시나봐요','2023-01-19 11:20:24',''),('819','참치김치찌개','r','혹시 서비스 있나요?','2023-01-19 11:20:24',''),('819','떡복이','r','다시 구매 합니다.','2023-01-19 11:20:24',''),('819','치즈떡복이','r','많이파세요','2023-01-19 11:20:24',''),('822','떡복이','u','혹시 서비스 있나요?','2023-01-19 11:20:39',''),('822','참치김치찌개','u','다시 구매 합니다.','2023-01-19 11:20:39',''),('822','치즈김밥','u','많이파세요','2023-01-19 11:20:39',''),('822','김밥','u','다시 구매 합니다.','2023-01-19 11:20:39',''),('822','참치김밥','u','혹시 서비스 있나요?','2023-01-19 11:20:39',''),('822','돼지김치찌개','u','다시 구매 합니다.','2023-01-19 11:20:39',''),('822','라볶이','u','다시 구매 합니다.','2023-01-19 11:20:39',''),('822','치즈떡복이','u','다시 구매 합니다.','2023-01-19 11:20:39',''),('830','참치김밥','t','잘먹을게요','2023-01-19 11:20:52',''),('830','떡복이','t','다시 구매 합니다.','2023-01-19 11:20:52',''),('830','치즈김밥','t','잘먹을게요','2023-01-19 11:20:52',''),('830','김밥','t','많이파세요','2023-01-19 11:20:52',''),('831','참치김밥','a','잘먹을게요','2023-01-19 11:21:02',''),('831','치즈떡복이','a','잘먹을게요','2023-01-19 11:21:02',''),('831','돼지김치찌개','a','많이파세요','2023-01-19 11:21:02',''),('833','참치김치찌개','qq','혹시 서비스 있나요?','2023-01-19 11:21:15',''),('833','치즈떡복이','qq','혹시 서비스 있나요?','2023-01-19 11:21:15',''),('836','라볶이','r','잘먹을게요','2023-01-19 11:21:29',''),('836','치즈김밥','r','좋은 재료 쓰시나봐요','2023-01-19 11:21:29',''),('836','돼지김치찌개','r','많이파세요','2023-01-19 11:21:29',''),('836','김밥','r','혹시 서비스 있나요?','2023-01-19 11:21:29',''),('839','떡복이','u','좋은 재료 쓰시나봐요','2023-01-19 11:21:44',''),('839','김밥','u','많이파세요','2023-01-19 11:21:44',''),('839','치즈떡복이','u','다시 구매 합니다.','2023-01-19 11:21:44',''),('839','치즈김밥','u','좋은 재료 쓰시나봐요','2023-01-19 11:21:44',''),('839','참치김밥','u','좋은 재료 쓰시나봐요','2023-01-19 11:21:44',''),('839','라볶이','u','많이파세요','2023-01-19 11:21:44',''),('839','참치김치찌개','u','다시 구매 합니다.','2023-01-19 11:21:44',''),('839','돼지김치찌개','u','잘먹을게요','2023-01-19 11:21:44',''),('847','라볶이','u','많이파세요','2023-01-19 11:21:58',''),('847','떡복이','u','좋은 재료 쓰시나봐요','2023-01-19 11:21:58',''),('847','참치김치찌개','u','잘먹을게요','2023-01-19 11:21:58',''),('847','김밥','u','잘먹을게요','2023-01-19 11:21:58',''),('847','돼지김치찌개','u','많이파세요','2023-01-19 11:21:58',''),('847','치즈떡복이','u','좋은 재료 쓰시나봐요','2023-01-19 11:21:58',''),('850','참치김치찌개','t','좋은 재료 쓰시나봐요','2023-01-19 11:23:05',''),('850','치즈떡복이','t','혹시 서비스 있나요?','2023-01-19 11:23:05',''),('850','참치김밥','t','혹시 서비스 있나요?','2023-01-19 11:23:05',''),('850','떡복이','t','좋은 재료 쓰시나봐요','2023-01-19 11:23:05',''),('850','치즈김밥','t','다시 구매 합니다.','2023-01-19 11:23:05',''),('850','김밥','t','좋은 재료 쓰시나봐요','2023-01-19 11:23:05',''),('850','돼지김치찌개','t','잘먹을게요','2023-01-19 11:23:05',''),('850','라볶이','t','좋은 재료 쓰시나봐요','2023-01-19 11:23:05',''),('854','치즈김밥','e','다시 구매 합니다.','2023-01-19 11:23:16',''),('854','라볶이','e','좋은 재료 쓰시나봐요','2023-01-19 11:23:16',''),('854','참치김치찌개','e','혹시 서비스 있나요?','2023-01-19 11:23:16',''),('854','김밥','e','많이파세요','2023-01-19 11:23:16',''),('854','치즈떡복이','e','좋은 재료 쓰시나봐요','2023-01-19 11:23:16',''),('854','참치김밥','e','다시 구매 합니다.','2023-01-19 11:23:16',''),('856','치즈김밥','u','혹시 서비스 있나요?','2023-01-19 11:23:27',''),('856','참치김밥','u','많이파세요','2023-01-19 11:23:27',''),('856','라볶이','u','혹시 서비스 있나요?','2023-01-19 11:23:27',''),('856','참치김치찌개','u','많이파세요','2023-01-19 11:23:27',''),('856','김밥','u','많이파세요','2023-01-19 11:23:27',''),('856','돼지김치찌개','u','잘먹을게요','2023-01-19 11:23:27',''),('856','치즈떡복이','u','다시 구매 합니다.','2023-01-19 11:23:27',''),('862','치즈김밥','e','다시 구매 합니다.','2023-01-19 11:23:39',''),('862','참치김밥','e','잘먹을게요','2023-01-19 11:23:39',''),('862','라볶이','e','좋은 재료 쓰시나봐요','2023-01-19 11:23:39',''),('862','참치김치찌개','e','많이파세요','2023-01-19 11:23:39',''),('862','떡복이','e','혹시 서비스 있나요?','2023-01-19 11:23:39',''),('867','라볶이','e','잘먹을게요','2023-01-19 11:23:52',''),('867','김밥','e','잘먹을게요','2023-01-19 11:23:52',''),('867','떡복이','e','좋은 재료 쓰시나봐요','2023-01-19 11:23:52',''),('868','라볶이','w','잘먹을게요','2023-01-19 11:24:00',''),('868','참치김밥','w','혹시 서비스 있나요?','2023-01-19 11:24:00',''),('871','치즈떡복이','t','많이파세요','2023-01-19 11:24:15',''),('872','김밥','r','다시 구매 합니다.','2023-01-19 11:24:25',''),('873','돼지김치찌개','qq','혹시 서비스 있나요?','2023-01-19 11:24:37',''),('873','김밥','qq','혹시 서비스 있나요?','2023-01-19 11:24:37',''),('873','치즈김밥','qq','잘먹을게요','2023-01-19 11:24:37',''),('875','치즈김밥','r','다시 구매 합니다.','2023-01-19 11:24:51',''),('875','참치김치찌개','r','많이파세요','2023-01-19 11:24:51',''),('876','치즈김밥','u','잘먹을게요','2023-01-19 11:26:36',''),('876','치즈떡복이','u','좋은 재료 쓰시나봐요','2023-01-19 11:26:36',''),('876','김밥','u','혹시 서비스 있나요?','2023-01-19 11:26:36',''),('876','떡복이','u','많이파세요','2023-01-19 11:26:36',''),('880','떡복이','u','혹시 서비스 있나요?','2023-01-19 11:28:10',''),('880','치즈김밥','u','많이파세요','2023-01-19 11:28:10',''),('880','참치김밥','u','좋은 재료 쓰시나봐요','2023-01-19 11:28:10',''),('880','돼지김치찌개','u','다시 구매 합니다.','2023-01-19 11:28:10',''),('880','참치김치찌개','u','다시 구매 합니다.','2023-01-19 11:28:10',''),('880','치즈떡복이','u','잘먹을게요','2023-01-19 11:28:10',''),('880','김밥','u','좋은 재료 쓰시나봐요','2023-01-19 11:28:10',''),('883','참치김치찌개','u','좋은 재료 쓰시나봐요','2023-01-19 11:29:01',''),('883','떡복이','u','다시 구매 합니다.','2023-01-19 11:29:01',''),('883','라볶이','u','잘먹을게요','2023-01-19 11:29:01',''),('883','치즈김밥','u','많이파세요','2023-01-19 11:29:01',''),('883','김밥','u','많이파세요','2023-01-19 11:29:01',''),('883','치즈떡복이','u','다시 구매 합니다.','2023-01-19 11:29:01',''),('887','김밥','y','많이파세요','2023-01-19 11:29:13',''),('887','치즈떡복이','y','다시 구매 합니다.','2023-01-19 11:29:13',''),('887','돼지김치찌개','y','혹시 서비스 있나요?','2023-01-19 11:29:13',''),('888','치즈김밥','qq','잘먹을게요','2023-01-19 11:29:27',''),('888','치즈떡복이','qq','좋은 재료 쓰시나봐요','2023-01-19 11:29:27',''),('888','참치김밥','qq','잘먹을게요','2023-01-19 11:29:27',''),('888','참치김치찌개','qq','좋은 재료 쓰시나봐요','2023-01-19 11:29:27',''),('888','김밥','qq','혹시 서비스 있나요?','2023-01-19 11:29:27',''),('888','돼지김치찌개','qq','다시 구매 합니다.','2023-01-19 11:29:27',''),('891','라볶이','a','많이파세요','2023-01-19 11:29:40',''),('892','돼지김치찌개','e','많이파세요','2023-01-19 11:29:51',''),('892','치즈떡복이','e','혹시 서비스 있나요?','2023-01-19 11:29:51',''),('892','떡복이','e','좋은 재료 쓰시나봐요','2023-01-19 11:29:51',''),('893','치즈떡복이','e','많이파세요','2023-01-19 11:30:05',''),('894','참치김밥','r','좋은 재료 쓰시나봐요','2023-01-19 11:30:20',''),('894','참치김치찌개','r','잘먹을게요','2023-01-19 11:30:20',''),('894','치즈떡복이','r','많이파세요','2023-01-19 11:30:20',''),('895','참치김밥','y','잘먹을게요','2023-01-19 11:30:33',''),('895','라볶이','y','잘먹을게요','2023-01-19 11:30:33',''),('895','치즈김밥','y','많이파세요','2023-01-19 11:30:33',''),('895','치즈떡복이','y','잘먹을게요','2023-01-19 11:30:33',''),('895','김밥','y','잘먹을게요','2023-01-19 11:30:33',''),('895','돼지김치찌개','y','많이파세요','2023-01-19 11:30:33',''),('901','참치김치찌개','a','혹시 서비스 있나요?','2023-01-19 11:30:48',''),('904','떡복이','t','좋은 재료 쓰시나봐요','2023-01-19 11:30:58',''),('904','치즈김밥','t','좋은 재료 쓰시나봐요','2023-01-19 11:30:58',''),('905','치즈떡복이','e','혹시 서비스 있나요?','2023-01-19 11:31:10',''),('906','참치김밥','y','많이파세요','2023-01-19 11:31:24',''),('906','떡복이','y','좋은 재료 쓰시나봐요','2023-01-19 11:31:24',''),('906','김밥','y','혹시 서비스 있나요?','2023-01-19 11:31:24',''),('906','치즈떡복이','y','많이파세요','2023-01-19 11:31:24',''),('906','참치김치찌개','y','혹시 서비스 있나요?','2023-01-19 11:31:24',''),('908','떡복이','r','혹시 서비스 있나요?','2023-01-19 11:31:37',''),('908','참치김치찌개','r','다시 구매 합니다.','2023-01-19 11:31:37',''),('908','치즈김밥','r','다시 구매 합니다.','2023-01-19 11:31:37',''),('908','치즈떡복이','r','다시 구매 합니다.','2023-01-19 11:31:37',''),('913','치즈김밥','y','잘먹을게요','2023-01-19 11:31:48',''),('913','참치김밥','y','혹시 서비스 있나요?','2023-01-19 11:31:48',''),('913','돼지김치찌개','y','잘먹을게요','2023-01-19 11:31:48',''),('913','라볶이','y','다시 구매 합니다.','2023-01-19 11:31:48',''),('913','김밥','y','혹시 서비스 있나요?','2023-01-19 11:31:48',''),('913','치즈떡복이','y','좋은 재료 쓰시나봐요','2023-01-19 11:31:48',''),('913','참치김치찌개','y','다시 구매 합니다.','2023-01-19 11:31:48',''),('913','떡복이','y','많이파세요','2023-01-19 11:31:48',''),('917','라볶이','t','많이파세요','2023-01-19 11:32:03',''),('917','김밥','t','잘먹을게요','2023-01-19 11:32:03',''),('917','참치김치찌개','t','좋은 재료 쓰시나봐요','2023-01-19 11:32:03',''),('917','참치김밥','t','다시 구매 합니다.','2023-01-19 11:32:03',''),('917','치즈김밥','t','다시 구매 합니다.','2023-01-19 11:32:03',''),('917','떡복이','t','좋은 재료 쓰시나봐요','2023-01-19 11:32:03',''),('922','참치김치찌개','a','혹시 서비스 있나요?','2023-01-19 11:32:17',''),('923','치즈김밥','t','좋은 재료 쓰시나봐요','2023-01-19 11:32:28',''),('923','치즈떡복이','t','다시 구매 합니다.','2023-01-19 11:32:28',''),('924','참치김밥','a','많이파세요','2023-01-19 11:32:42',''),('924','치즈김밥','a','많이파세요','2023-01-19 11:32:42',''),('926','돼지김치찌개','a','혹시 서비스 있나요?','2023-01-19 11:32:55',''),('926','참치김치찌개','a','잘먹을게요','2023-01-19 11:32:55',''),('926','치즈떡복이','a','좋은 재료 쓰시나봐요','2023-01-19 11:32:55',''),('929','김밥','w','다시 구매 합니다.','2023-01-19 11:33:06',''),('929','참치김밥','w','잘먹을게요','2023-01-19 11:33:06',''),('929','라볶이','w','다시 구매 합니다.','2023-01-19 11:33:06',''),('929','치즈떡복이','w','많이파세요','2023-01-19 11:33:06',''),('929','돼지김치찌개','w','다시 구매 합니다.','2023-01-19 11:33:06',''),('929','떡복이','w','많이파세요','2023-01-19 11:33:06',''),('929','참치김치찌개','w','잘먹을게요','2023-01-19 11:33:06',''),('935','돼지김치찌개','y','좋은 재료 쓰시나봐요','2023-01-19 11:33:20',''),('935','치즈떡복이','y','잘먹을게요','2023-01-19 11:33:20',''),('935','참치김밥','y','많이파세요','2023-01-19 11:33:20',''),('935','참치김치찌개','y','잘먹을게요','2023-01-19 11:33:20',''),('936','김밥','r','잘먹을게요','2023-01-19 11:33:33',''),('936','돼지김치찌개','r','잘먹을게요','2023-01-19 11:33:33',''),('939','참치김치찌개','u','혹시 서비스 있나요?','2023-01-19 11:33:45',''),('939','김밥','u','혹시 서비스 있나요?','2023-01-19 11:33:45',''),('939','라볶이','u','많이파세요','2023-01-19 11:33:45',''),('939','치즈떡복이','u','잘먹을게요','2023-01-19 11:33:45',''),('939','돼지김치찌개','u','잘먹을게요','2023-01-19 11:33:45',''),('942','치즈김밥','a','다시 구매 합니다.','2023-01-19 11:33:56',''),('942','돼지김치찌개','a','많이파세요','2023-01-19 11:33:56',''),('942','김밥','a','잘먹을게요','2023-01-19 11:33:56',''),('942','참치김밥','a','잘먹을게요','2023-01-19 11:33:56',''),('942','참치김치찌개','a','잘먹을게요','2023-01-19 11:33:56',''),('951','떡복이','t','다시 구매 합니다.','2023-01-19 11:34:10',''),('951','치즈김밥','t','혹시 서비스 있나요?','2023-01-19 11:34:10',''),('951','참치김밥','t','혹시 서비스 있나요?','2023-01-19 11:34:10',''),('951','돼지김치찌개','t','좋은 재료 쓰시나봐요','2023-01-19 11:34:10',''),('952','치즈김밥','w','좋은 재료 쓰시나봐요','2023-01-19 11:34:21',''),('952','참치김치찌개','w','잘먹을게요','2023-01-19 11:34:21',''),('954','치즈떡복이','y','많이파세요','2023-01-19 11:34:32',''),('954','참치김밥','y','잘먹을게요','2023-01-19 11:34:32',''),('954','치즈김밥','y','혹시 서비스 있나요?','2023-01-19 11:34:32',''),('954','돼지김치찌개','y','좋은 재료 쓰시나봐요','2023-01-19 11:34:32',''),('955','참치김밥','e','잘먹을게요','2023-01-19 11:34:46',''),('955','돼지김치찌개','e','많이파세요','2023-01-19 11:34:46',''),('955','라볶이','e','좋은 재료 쓰시나봐요','2023-01-19 11:34:46',''),('963','떡복이','t','잘먹을게요','2023-01-19 11:34:59',''),('963','라볶이','t','혹시 서비스 있나요?','2023-01-19 11:34:59',''),('963','참치김치찌개','t','혹시 서비스 있나요?','2023-01-19 11:34:59',''),('963','치즈떡복이','t','잘먹을게요','2023-01-19 11:34:59',''),('963','돼지김치찌개','t','좋은 재료 쓰시나봐요','2023-01-19 11:34:59',''),('966','돼지김치찌개','e','다시 구매 합니다.','2023-01-19 11:35:12',''),('966','라볶이','e','다시 구매 합니다.','2023-01-19 11:35:12',''),('966','참치김치찌개','e','많이파세요','2023-01-19 11:35:12',''),('966','떡복이','e','좋은 재료 쓰시나봐요','2023-01-19 11:35:12',''),('966','참치김밥','e','다시 구매 합니다.','2023-01-19 11:35:12',''),('966','치즈떡복이','e','혹시 서비스 있나요?','2023-01-19 11:35:12',''),('966','치즈김밥','e','좋은 재료 쓰시나봐요','2023-01-19 11:35:12',''),('966','김밥','e','다시 구매 합니다.','2023-01-19 11:35:12',''),('970','돼지김치찌개','e','다시 구매 합니다.','2023-01-19 11:35:26',''),('970','치즈떡복이','e','다시 구매 합니다.','2023-01-19 11:35:26',''),('970','참치김밥','e','다시 구매 합니다.','2023-01-19 11:35:26',''),('970','치즈김밥','e','좋은 재료 쓰시나봐요','2023-01-19 11:35:26',''),('970','떡복이','e','혹시 서비스 있나요?','2023-01-19 11:35:26',''),('970','라볶이','e','좋은 재료 쓰시나봐요','2023-01-19 11:35:26',''),('970','김밥','e','다시 구매 합니다.','2023-01-19 11:35:26',''),('970','참치김치찌개','e','잘먹을게요','2023-01-19 11:35:26',''),('972','치즈떡복이','e','다시 구매 합니다.','2023-01-19 11:35:38',''),('972','돼지김치찌개','e','많이파세요','2023-01-19 11:35:38',''),('972','참치김밥','e','혹시 서비스 있나요?','2023-01-19 11:35:38',''),('972','참치김치찌개','e','많이파세요','2023-01-19 11:35:38',''),('972','라볶이','e','다시 구매 합니다.','2023-01-19 11:35:38',''),('972','떡복이','e','잘먹을게요','2023-01-19 11:35:38',''),('972','김밥','e','좋은 재료 쓰시나봐요','2023-01-19 11:35:38',''),('979','떡복이','y','많이파세요','2023-01-19 11:35:50',''),('979','김밥','y','다시 구매 합니다.','2023-01-19 11:35:50',''),('979','참치김밥','y','많이파세요','2023-01-19 11:35:50',''),('979','치즈떡복이','y','많이파세요','2023-01-19 11:35:50',''),('979','라볶이','y','잘먹을게요','2023-01-19 11:35:50',''),('979','돼지김치찌개','y','많이파세요','2023-01-19 11:35:50',''),('979','참치김치찌개','y','잘먹을게요','2023-01-19 11:35:50',''),('981','라볶이','y','혹시 서비스 있나요?','2023-01-19 11:36:05',''),('981','돼지김치찌개','y','혹시 서비스 있나요?','2023-01-19 11:36:05',''),('981','김밥','y','많이파세요','2023-01-19 11:36:05',''),('988','떡복이','t','좋은 재료 쓰시나봐요','2023-01-19 11:36:18',''),('988','돼지김치찌개','t','많이파세요','2023-01-19 11:36:18',''),('988','김밥','t','좋은 재료 쓰시나봐요','2023-01-19 11:36:18',''),('988','치즈김밥','t','좋은 재료 쓰시나봐요','2023-01-19 11:36:18',''),('988','참치김밥','t','혹시 서비스 있나요?','2023-01-19 11:36:18',''),('988','참치김치찌개','t','많이파세요','2023-01-19 11:36:18',''),('988','라볶이','t','다시 구매 합니다.','2023-01-19 11:36:18',''),('991','치즈떡복이','r','다시 구매 합니다.','2023-01-19 11:36:31',''),('991','라볶이','r','좋은 재료 쓰시나봐요','2023-01-19 11:36:31',''),('991','돼지김치찌개','r','좋은 재료 쓰시나봐요','2023-01-19 11:36:31',''),('991','떡복이','r','혹시 서비스 있나요?','2023-01-19 11:36:31',''),('991','김밥','r','다시 구매 합니다.','2023-01-19 11:36:31',''),('991','참치김밥','r','좋은 재료 쓰시나봐요','2023-01-19 11:36:31',''),('996','김밥','t','좋은 재료 쓰시나봐요','2023-01-19 11:36:42',''),('996','돼지김치찌개','t','좋은 재료 쓰시나봐요','2023-01-19 11:36:42',''),('996','치즈떡복이','t','좋은 재료 쓰시나봐요','2023-01-19 11:36:42',''),('996','치즈김밥','t','좋은 재료 쓰시나봐요','2023-01-19 11:36:42',''),('996','라볶이','t','좋은 재료 쓰시나봐요','2023-01-19 11:36:42',''),('997','라볶이','a','많이파세요','2023-01-19 11:36:55',''),('997','치즈김밥','a','많이파세요','2023-01-19 11:36:55',''),('997','떡복이','a','혹시 서비스 있나요?','2023-01-19 11:36:55',''),('997','돼지김치찌개','a','다시 구매 합니다.','2023-01-19 11:36:55',''),('999','떡복이','u','많이파세요','2023-01-19 11:37:09',''),('999','김밥','u','좋은 재료 쓰시나봐요','2023-01-19 11:37:09',''),('999','돼지김치찌개','u','다시 구매 합니다.','2023-01-19 11:37:09',''),('999','치즈떡복이','u','잘먹을게요','2023-01-19 11:37:09',''),('999','참치김치찌개','u','다시 구매 합니다.','2023-01-19 11:37:09',''),('999','치즈김밥','u','좋은 재료 쓰시나봐요','2023-01-19 11:37:09',''),('999','참치김밥','u','혹시 서비스 있나요?','2023-01-19 11:37:09',''),('1001','돼지김치찌개','w','많이파세요','2023-01-19 11:37:20',''),('1001','떡복이','w','많이파세요','2023-01-19 11:37:20',''),('1001','치즈김밥','w','잘먹을게요','2023-01-19 11:37:20',''),('1003','돼지김치찌개','y','혹시 서비스 있나요?','2023-01-19 11:37:35',''),('1003','라볶이','y','잘먹을게요','2023-01-19 11:37:35',''),('1003','치즈떡복이','y','잘먹을게요','2023-01-19 11:37:35',''),('1007','떡복이','w','다시 구매 합니다.','2023-01-19 11:37:49',''),('1007','김밥','w','좋은 재료 쓰시나봐요','2023-01-19 11:37:49',''),('1007','라볶이','w','좋은 재료 쓰시나봐요','2023-01-19 11:37:49',''),('1007','참치김밥','w','다시 구매 합니다.','2023-01-19 11:37:49',''),('1008','라볶이','w','많이파세요','2023-01-19 11:38:02',''),('1008','김밥','w','잘먹을게요','2023-01-19 11:38:02',''),('1008','참치김밥','w','좋은 재료 쓰시나봐요','2023-01-19 11:38:02',''),('1008','돼지김치찌개','w','많이파세요','2023-01-19 11:38:02',''),('1012','참치김치찌개','u','많이파세요','2023-01-19 11:38:12',''),('1012','김밥','u','많이파세요','2023-01-19 11:38:12',''),('1012','치즈김밥','u','다시 구매 합니다.','2023-01-19 11:38:12',''),('1012','라볶이','u','많이파세요','2023-01-19 11:38:12',''),('1014','떡복이','e','혹시 서비스 있나요?','2023-01-19 11:38:25',''),('1014','치즈떡복이','e','혹시 서비스 있나요?','2023-01-19 11:38:25',''),('1014','참치김밥','e','다시 구매 합니다.','2023-01-19 11:38:25',''),('1014','치즈김밥','e','좋은 재료 쓰시나봐요','2023-01-19 11:38:25',''),('1015','참치김치찌개','u','다시 구매 합니다.','2023-01-19 11:38:38',''),('1015','치즈떡복이','u','혹시 서비스 있나요?','2023-01-19 11:38:38',''),('1016','치즈떡복이','t','많이파세요','2023-01-19 11:38:49',''),('1016','참치김치찌개','t','좋은 재료 쓰시나봐요','2023-01-19 11:38:49',''),('1016','떡복이','t','좋은 재료 쓰시나봐요','2023-01-19 11:38:49',''),('1016','참치김밥','t','많이파세요','2023-01-19 11:38:49',''),('1021','김밥','y','잘먹을게요','2023-01-19 11:38:59',''),('1021','돼지김치찌개','y','잘먹을게요','2023-01-19 11:38:59',''),('1021','치즈떡복이','y','혹시 서비스 있나요?','2023-01-19 11:38:59',''),('1023','치즈떡복이','u','좋은 재료 쓰시나봐요','2023-01-19 11:39:10',''),('1023','라볶이','u','혹시 서비스 있나요?','2023-01-19 11:39:10',''),('1023','김밥','u','잘먹을게요','2023-01-19 11:39:10',''),('1023','치즈김밥','u','혹시 서비스 있나요?','2023-01-19 11:39:10',''),('1023','참치김치찌개','u','많이파세요','2023-01-19 11:39:10',''),('1023','참치김밥','u','좋은 재료 쓰시나봐요','2023-01-19 11:39:10',''),('1023','돼지김치찌개','u','다시 구매 합니다.','2023-01-19 11:39:10',''),('1029','라볶이','w','잘먹을게요','2023-01-19 11:39:23',''),('1029','참치김치찌개','w','다시 구매 합니다.','2023-01-19 11:39:23',''),('1029','떡복이','w','많이파세요','2023-01-19 11:39:23',''),('1029','돼지김치찌개','w','다시 구매 합니다.','2023-01-19 11:39:23',''),('1029','치즈떡복이','w','다시 구매 합니다.','2023-01-19 11:39:23',''),('1029','참치김밥','w','다시 구매 합니다.','2023-01-19 11:39:23',''),('1029','김밥','w','좋은 재료 쓰시나봐요','2023-01-19 11:39:23',''),('1032','돼지김치찌개','u','좋은 재료 쓰시나봐요','2023-01-19 11:39:35',''),('1033','라볶이','e','다시 구매 합니다.','2023-01-19 11:39:49',''),('1033','떡복이','e','혹시 서비스 있나요?','2023-01-19 11:39:49',''),('1033','김밥','e','좋은 재료 쓰시나봐요','2023-01-19 11:39:49',''),('1035','떡복이','a','많이파세요','2023-01-19 11:40:01',''),('1035','김밥','a','다시 구매 합니다.','2023-01-19 11:40:01',''),('1035','참치김밥','a','잘먹을게요','2023-01-19 11:40:01',''),('1035','치즈김밥','a','혹시 서비스 있나요?','2023-01-19 11:40:01',''),('1035','참치김치찌개','a','잘먹을게요','2023-01-19 11:40:01',''),('1035','돼지김치찌개','a','많이파세요','2023-01-19 11:40:01',''),('1035','치즈떡복이','a','다시 구매 합니다.','2023-01-19 11:40:01',''),('1040','치즈떡복이','t','다시 구매 합니다.','2023-01-19 11:40:14',''),('1040','참치김치찌개','t','좋은 재료 쓰시나봐요','2023-01-19 11:40:14',''),('1040','떡복이','t','좋은 재료 쓰시나봐요','2023-01-19 11:40:14',''),('1040','참치김밥','t','좋은 재료 쓰시나봐요','2023-01-19 11:40:14',''),('1040','김밥','t','혹시 서비스 있나요?','2023-01-19 11:40:14',''),('1040','치즈김밥','t','다시 구매 합니다.','2023-01-19 11:40:14',''),('1040','라볶이','t','잘먹을게요','2023-01-19 11:40:14',''),('1045','참치김밥','u','많이파세요','2023-01-19 11:40:26',''),('1045','치즈김밥','u','좋은 재료 쓰시나봐요','2023-01-19 11:40:26',''),('1045','김밥','u','다시 구매 합니다.','2023-01-19 11:40:26',''),('1045','치즈떡복이','u','혹시 서비스 있나요?','2023-01-19 11:40:26',''),('1045','떡복이','u','혹시 서비스 있나요?','2023-01-19 11:40:26',''),('1045','돼지김치찌개','u','다시 구매 합니다.','2023-01-19 11:40:26',''),('1045','라볶이','u','다시 구매 합니다.','2023-01-19 11:40:26',''),('1049','김밥','r','많이파세요','2023-01-19 11:40:37',''),('1049','치즈떡복이','r','혹시 서비스 있나요?','2023-01-19 11:40:37',''),('1050','치즈떡복이','y','다시 구매 합니다.','2023-01-19 11:40:50',''),('1050','치즈김밥','y','좋은 재료 쓰시나봐요','2023-01-19 11:40:50',''),('1050','참치김밥','y','다시 구매 합니다.','2023-01-19 11:40:50',''),('1050','라볶이','y','혹시 서비스 있나요?','2023-01-19 11:40:50',''),('1054','돼지김치찌개','e','혹시 서비스 있나요?','2023-01-19 11:41:05',''),('1054','라볶이','e','혹시 서비스 있나요?','2023-01-19 11:41:05',''),('1054','치즈떡복이','e','좋은 재료 쓰시나봐요','2023-01-19 11:41:05',''),('1054','참치김치찌개','e','잘먹을게요','2023-01-19 11:41:05',''),('1056','참치김밥','qq','많이파세요','2023-01-19 11:41:16',''),('1056','참치김치찌개','qq','잘먹을게요','2023-01-19 11:41:16',''),('1056','떡복이','qq','다시 구매 합니다.','2023-01-19 11:41:16',''),('1056','치즈김밥','qq','좋은 재료 쓰시나봐요','2023-01-19 11:41:16',''),('1056','치즈떡복이','qq','좋은 재료 쓰시나봐요','2023-01-19 11:41:16',''),('1056','김밥','qq','잘먹을게요','2023-01-19 11:41:16',''),('1056','라볶이','qq','많이파세요','2023-01-19 11:41:16',''),('1056','돼지김치찌개','qq','혹시 서비스 있나요?','2023-01-19 11:41:16',''),('1061','치즈떡복이','a','잘먹을게요','2023-01-19 11:41:29',''),('1061','참치김치찌개','a','잘먹을게요','2023-01-19 11:41:29',''),('1062','치즈김밥','r','많이파세요','2023-01-19 11:41:43',''),('1062','떡복이','r','좋은 재료 쓰시나봐요','2023-01-19 11:41:43',''),('1062','참치김밥','r','다시 구매 합니다.','2023-01-19 11:41:43',''),('1062','김밥','r','잘먹을게요','2023-01-19 11:41:43',''),('1062','치즈떡복이','r','다시 구매 합니다.','2023-01-19 11:41:43',''),('1062','돼지김치찌개','r','혹시 서비스 있나요?','2023-01-19 11:41:43',''),('1062','참치김치찌개','r','잘먹을게요','2023-01-19 11:41:43',''),('1062','라볶이','r','많이파세요','2023-01-19 11:41:43',''),('1071','돼지김치찌개','t','많이파세요','2023-01-19 11:41:58',''),('1071','떡복이','t','좋은 재료 쓰시나봐요','2023-01-19 11:41:58',''),('1071','김밥','t','다시 구매 합니다.','2023-01-19 11:41:58',''),('1071','참치김밥','t','잘먹을게요','2023-01-19 11:41:58',''),('1071','라볶이','t','혹시 서비스 있나요?','2023-01-19 11:41:58',''),('1071','치즈떡복이','t','잘먹을게요','2023-01-19 11:41:58',''),('1071','참치김치찌개','t','다시 구매 합니다.','2023-01-19 11:41:58',''),('1075','떡복이','w','혹시 서비스 있나요?','2023-01-19 11:42:10',''),('1076','치즈김밥','w','다시 구매 합니다.','2023-01-19 11:42:22',''),('1076','참치김밥','w','많이파세요','2023-01-19 11:42:22',''),('1078','돼지김치찌개','r','많이파세요','2023-01-19 11:42:33',''),('1078','치즈김밥','r','좋은 재료 쓰시나봐요','2023-01-19 11:42:33',''),('1078','떡복이','r','잘먹을게요','2023-01-19 11:42:33',''),('1078','참치김밥','r','좋은 재료 쓰시나봐요','2023-01-19 11:42:33',''),('1078','참치김치찌개','r','혹시 서비스 있나요?','2023-01-19 11:42:33',''),('1081','떡복이','r','많이파세요','2023-01-19 11:42:43',''),('1081','치즈김밥','r','많이파세요','2023-01-19 11:42:43',''),('1081','돼지김치찌개','r','혹시 서비스 있나요?','2023-01-19 11:42:43',''),('1083','김밥','qq','잘먹을게요','2023-01-19 11:42:58',''),('1083','참치김밥','qq','많이파세요','2023-01-19 11:42:58',''),('1083','치즈김밥','qq','혹시 서비스 있나요?','2023-01-19 11:42:58',''),('1083','돼지김치찌개','qq','잘먹을게요','2023-01-19 11:42:58',''),('1083','참치김치찌개','qq','좋은 재료 쓰시나봐요','2023-01-19 11:42:58',''),('1086','돼지김치찌개','w','좋은 재료 쓰시나봐요','2023-01-19 11:43:12',''),('1086','떡복이','w','많이파세요','2023-01-19 11:43:12',''),('1086','참치김밥','w','혹시 서비스 있나요?','2023-01-19 11:43:12',''),('1086','김밥','w','좋은 재료 쓰시나봐요','2023-01-19 11:43:12',''),('1086','치즈떡복이','w','많이파세요','2023-01-19 11:43:12',''),('1086','치즈김밥','w','많이파세요','2023-01-19 11:43:12',''),('1086','참치김치찌개','w','다시 구매 합니다.','2023-01-19 11:43:12',''),('1086','라볶이','w','혹시 서비스 있나요?','2023-01-19 11:43:12',''),('1091','참치김밥','u','많이파세요','2023-01-19 11:43:23',''),('1091','참치김치찌개','u','다시 구매 합니다.','2023-01-19 11:43:23',''),('1091','떡복이','u','잘먹을게요','2023-01-19 11:43:23',''),('1091','치즈김밥','u','잘먹을게요','2023-01-19 11:43:23',''),('1091','김밥','u','좋은 재료 쓰시나봐요','2023-01-19 11:43:23',''),('1097','치즈떡복이','e','좋은 재료 쓰시나봐요','2023-01-19 11:43:36',''),('1098','라볶이','r','혹시 서비스 있나요?','2023-01-19 11:43:49',''),('1098','떡복이','r','잘먹을게요','2023-01-19 11:43:49',''),('1098','김밥','r','많이파세요','2023-01-19 11:43:49',''),('1100','김밥','qq','좋은 재료 쓰시나봐요','2023-01-19 11:44:01',''),('1100','떡복이','qq','잘먹을게요','2023-01-19 11:44:01',''),('1100','치즈김밥','qq','다시 구매 합니다.','2023-01-19 11:44:01',''),('1100','참치김밥','qq','다시 구매 합니다.','2023-01-19 11:44:01',''),('1100','치즈떡복이','qq','다시 구매 합니다.','2023-01-19 11:44:01',''),('1102','참치김치찌개','r','혹시 서비스 있나요?','2023-01-19 11:44:15',''),('1102','치즈김밥','r','많이파세요','2023-01-19 11:44:15',''),('1102','치즈떡복이','r','잘먹을게요','2023-01-19 11:44:15',''),('1102','돼지김치찌개','r','잘먹을게요','2023-01-19 11:44:15',''),('1102','참치김밥','r','잘먹을게요','2023-01-19 11:44:15',''),('1102','떡복이','r','혹시 서비스 있나요?','2023-01-19 11:44:15',''),('1102','김밥','r','많이파세요','2023-01-19 11:44:15',''),('1106','참치김밥','a','많이파세요','2023-01-19 11:44:33',''),('1106','김밥','a','많이파세요','2023-01-19 11:44:33',''),('1107','참치김밥','t','잘먹을게요','2023-01-19 11:44:47',''),('1107','돼지김치찌개','t','많이파세요','2023-01-19 11:44:47',''),('1107','라볶이','t','잘먹을게요','2023-01-19 11:44:47',''),('1107','치즈김밥','t','다시 구매 합니다.','2023-01-19 11:44:47',''),('1109','떡복이','w','잘먹을게요','2023-01-19 11:44:58',''),('1109','참치김밥','w','다시 구매 합니다.','2023-01-19 11:44:58',''),('1109','돼지김치찌개','w','다시 구매 합니다.','2023-01-19 11:44:58',''),('1109','치즈떡복이','w','다시 구매 합니다.','2023-01-19 11:44:58',''),('1109','참치김치찌개','w','좋은 재료 쓰시나봐요','2023-01-19 11:44:58',''),('1109','김밥','w','잘먹을게요','2023-01-19 11:44:58',''),('1109','치즈김밥','w','좋은 재료 쓰시나봐요','2023-01-19 11:44:58',''),('1109','라볶이','w','많이파세요','2023-01-19 11:44:58',''),('1113','치즈떡복이','e','혹시 서비스 있나요?','2023-01-19 11:45:10',''),('1113','치즈김밥','e','좋은 재료 쓰시나봐요','2023-01-19 11:45:10',''),('1113','참치김치찌개','e','좋은 재료 쓰시나봐요','2023-01-19 11:45:10',''),('1113','라볶이','e','혹시 서비스 있나요?','2023-01-19 11:45:10',''),('1113','돼지김치찌개','e','혹시 서비스 있나요?','2023-01-19 11:45:10',''),('1113','떡복이','e','좋은 재료 쓰시나봐요','2023-01-19 11:45:10',''),('1125','김밥','u','좋은 재료 쓰시나봐요','2023-01-19 11:45:24',''),('1125','치즈떡복이','u','다시 구매 합니다.','2023-01-19 11:45:24',''),('1126','라볶이','r','혹시 서비스 있나요?','2023-01-19 11:45:35',''),('1126','떡복이','r','잘먹을게요','2023-01-19 11:45:35',''),('1126','치즈김밥','r','혹시 서비스 있나요?','2023-01-19 11:45:35',''),('1126','참치김밥','r','다시 구매 합니다.','2023-01-19 11:45:35',''),('1126','치즈떡복이','r','다시 구매 합니다.','2023-01-19 11:45:35',''),('1126','참치김치찌개','r','다시 구매 합니다.','2023-01-19 11:45:35',''),('1126','김밥','r','잘먹을게요','2023-01-19 11:45:35',''),('1126','돼지김치찌개','r','많이파세요','2023-01-19 11:45:35',''),('1127','치즈떡복이','qq','잘먹을게요','2023-01-19 11:45:47',''),('1127','치즈김밥','qq','잘먹을게요','2023-01-19 11:45:47',''),('1128','치즈김밥','w','잘먹을게요','2023-01-19 11:45:59',''),('1128','참치김치찌개','w','좋은 재료 쓰시나봐요','2023-01-19 11:45:59',''),('1128','라볶이','w','잘먹을게요','2023-01-19 11:45:59',''),('1128','참치김밥','w','많이파세요','2023-01-19 11:45:59',''),('1128','떡복이','w','좋은 재료 쓰시나봐요','2023-01-19 11:45:59','');
/*!40000 ALTER TABLE `question` ENABLE KEYS */;
UNLOCK TABLES;

--
-- Table structure for table `request`
--

DROP TABLE IF EXISTS `request`;
/*!40101 SET @saved_cs_client     = @@character_set_client */;
/*!50503 SET character_set_client = utf8mb4 */;
CREATE TABLE `request` (
  `주문번호` text,
  `아이디` text,
  `상품명` text,
  `수량` text,
  `금액` text,
  `시간` text
) ENGINE=InnoDB DEFAULT CHARSET=utf8mb4 COLLATE=utf8mb4_0900_ai_ci;
/*!40101 SET character_set_client = @saved_cs_client */;

--
-- Dumping data for table `request`
--

LOCK TABLES `request` WRITE;
/*!40000 ALTER TABLE `request` DISABLE KEYS */;
INSERT INTO `request` VALUES ('28','t','떡복이','1','15000','2023-01-18 18:09:34'),('28','t','돼지김치찌개','3','14000','2023-01-18 18:09:34'),('29','u','김밥','3','9000','2023-01-18 18:09:37'),('29','u','참치김치찌개','2','18000','2023-01-18 18:09:37'),('29','u','참치김밥','1','11000','2023-01-18 18:09:37'),('29','u','돼지김치찌개','2','14000','2023-01-18 18:09:37'),('30','t','참치김치찌개','3','18000','2023-01-18 18:09:41'),('30','t','돼지김치찌개','2','14000','2023-01-18 18:09:41'),('30','t','떡복이','2','15000','2023-01-18 18:09:41'),('30','t','치즈떡복이','3','17000','2023-01-18 18:09:41'),('30','t','김밥','3','9000','2023-01-18 18:09:41'),('30','t','라볶이','1','17000','2023-01-18 18:09:41'),('30','t','참치김밥','3','11000','2023-01-18 18:09:41'),('30','t','치즈김밥','3','11000','2023-01-18 18:09:41'),('32','a','떡복이','2','15000','2023-01-18 18:09:46'),('33','u','돼지김치찌개','2','14000','2023-01-18 18:09:50'),('33','u','참치김치찌개','2','18000','2023-01-18 18:09:50'),('33','u','참치김밥','2','11000','2023-01-18 18:09:50'),('33','u','라볶이','2','17000','2023-01-18 18:09:50'),('35','y','참치김치찌개','1','18000','2023-01-18 18:09:53'),('35','y','라볶이','2','17000','2023-01-18 18:09:53'),('35','y','떡복이','3','15000','2023-01-18 18:09:53'),('35','y','치즈김밥','1','11000','2023-01-18 18:09:53'),('35','y','참치김밥','2','11000','2023-01-18 18:09:53'),('35','y','김밥','1','9000','2023-01-18 18:09:53'),('35','y','돼지김치찌개','2','14000','2023-01-18 18:09:53'),('35','y','치즈떡복이','3','17000','2023-01-18 18:09:53'),('40','qq','참치김밥','3','11000','2023-01-18 18:09:57'),('40','qq','치즈떡복이','3','17000','2023-01-18 18:09:57'),('40','qq','김밥','2','9000','2023-01-18 18:09:57'),('40','qq','라볶이','3','17000','2023-01-18 18:09:57'),('40','qq','치즈김밥','1','11000','2023-01-18 18:09:57'),('40','qq','떡복이','1','15000','2023-01-18 18:09:57'),('40','qq','참치김치찌개','1','18000','2023-01-18 18:09:57'),('42','t','떡복이','1','15000','2023-01-18 18:10:00'),('42','t','치즈김밥','2','11000','2023-01-18 18:10:00'),('42','t','김밥','2','9000','2023-01-18 18:10:00'),('42','t','돼지김치찌개','3','14000','2023-01-18 18:10:00'),('42','t','참치김치찌개','1','18000','2023-01-18 18:10:00'),('44','qq','참치김밥','3','11000','2023-01-18 18:10:03'),('47','r','김밥','1','9000','2023-01-18 18:10:07'),('47','r','참치김치찌개','1','18000','2023-01-18 18:10:07'),('47','r','떡복이','1','15000','2023-01-18 18:10:07'),('47','r','돼지김치찌개','3','14000','2023-01-18 18:10:07'),('53','w','돼지김치찌개','1','14000','2023-01-18 18:29:00'),('53','w','참치김밥','2','11000','2023-01-18 18:29:00'),('53','w','참치김치찌개','2','18000','2023-01-18 18:29:00'),('53','w','김밥','3','9000','2023-01-18 18:29:00'),('53','w','떡복이','3','15000','2023-01-18 18:29:00'),('55','u','참치김밥','1','11000','2023-01-18 18:29:04'),('55','u','돼지김치찌개','2','14000','2023-01-18 18:29:04'),('55','u','김밥','1','9000','2023-01-18 18:29:04'),('59','r','치즈떡복이','2','17000','2023-01-18 18:29:07'),('59','r','라볶이','3','17000','2023-01-18 18:29:07'),('61','r','참치김밥','1','11000','2023-01-18 18:29:10'),('61','r','참치김치찌개','1','18000','2023-01-18 18:29:10'),('61','r','치즈김밥','1','11000','2023-01-18 18:29:10'),('61','r','라볶이','3','17000','2023-01-18 18:29:10'),('61','r','떡복이','3','15000','2023-01-18 18:29:10'),('61','r','김밥','3','9000','2023-01-18 18:29:10'),('61','r','치즈떡복이','3','17000','2023-01-18 18:29:10'),('61','r','돼지김치찌개','3','14000','2023-01-18 18:29:10'),('65','a','치즈떡복이','1','17000','2023-01-18 18:29:15'),('65','a','돼지김치찌개','3','14000','2023-01-18 18:29:15'),('65','a','김밥','3','9000','2023-01-18 18:29:15'),('65','a','라볶이','1','17000','2023-01-18 18:29:15'),('65','a','떡복이','2','15000','2023-01-18 18:29:15'),('65','a','참치김치찌개','1','18000','2023-01-18 18:29:15'),('66','t','치즈떡복이','3','17000','2023-01-18 18:29:19'),('66','t','떡복이','1','15000','2023-01-18 18:29:19'),('66','t','치즈김밥','2','11000','2023-01-18 18:29:19'),('66','t','돼지김치찌개','1','14000','2023-01-18 18:29:19'),('66','t','참치김치찌개','2','18000','2023-01-18 18:29:19'),('66','t','참치김밥','1','11000','2023-01-18 18:29:19'),('66','t','김밥','3','9000','2023-01-18 18:29:19'),('70','e','치즈떡복이','2','17000','2023-01-18 18:29:22'),('70','e','참치김밥','3','11000','2023-01-18 18:29:22'),('70','e','떡복이','1','15000','2023-01-18 18:29:22'),('70','e','참치김치찌개','2','18000','2023-01-18 18:29:22'),('73','e','참치김밥','2','11000','2023-01-18 18:29:26'),('73','e','돼지김치찌개','2','14000','2023-01-18 18:29:26'),('74','r','치즈떡복이','1','17000','2023-01-18 18:29:30'),('75','a','치즈떡복이','2','17000','2023-01-18 18:29:33'),('75','a','치즈김밥','1','11000','2023-01-18 18:29:33'),('77','t','김밥','2','9000','2023-01-18 18:29:34'),('78','t','참치김치찌개','2','18000','2023-01-18 18:29:35'),('78','t','떡복이','3','15000','2023-01-18 18:29:35'),('78','t','치즈김밥','1','11000','2023-01-18 18:29:35'),('78','t','김밥','2','9000','2023-01-18 18:29:35'),('78','t','치즈떡복이','2','17000','2023-01-18 18:29:35'),('78','t','참치김밥','2','11000','2023-01-18 18:29:35'),('83','e','치즈김밥','2','11000','2023-01-18 18:29:37'),('83','e','돼지김치찌개','2','14000','2023-01-18 18:29:37'),('85','r','김밥','3','9000','2023-01-18 18:29:39'),('85','r','떡복이','3','15000','2023-01-18 18:29:39'),('85','r','참치김치찌개','2','18000','2023-01-18 18:29:39'),('87','e','김밥','3','9000','2023-01-18 18:29:40'),('87','e','돼지김치찌개','2','14000','2023-01-18 18:29:40'),('87','e','떡복이','2','15000','2023-01-18 18:29:40'),('87','e','치즈떡복이','2','17000','2023-01-18 18:29:40'),('87','e','라볶이','3','17000','2023-01-18 18:29:40'),('87','e','치즈김밥','3','11000','2023-01-18 18:29:40'),('89','y','참치김밥','2','11000','2023-01-18 18:29:45'),('89','y','돼지김치찌개','1','14000','2023-01-18 18:29:45'),('89','y','떡복이','2','15000','2023-01-18 18:29:45'),('89','y','라볶이','2','17000','2023-01-18 18:29:45'),('89','y','참치김치찌개','1','18000','2023-01-18 18:29:45'),('89','y','김밥','3','9000','2023-01-18 18:29:45'),('89','y','치즈김밥','1','11000','2023-01-18 18:29:45'),('98','r','라볶이','1','17000','2023-01-18 18:29:46'),('98','r','김밥','1','9000','2023-01-18 18:29:46'),('98','r','치즈떡복이','2','17000','2023-01-18 18:29:46'),('98','r','치즈김밥','3','11000','2023-01-18 18:29:46'),('99','u','치즈떡복이','3','17000','2023-01-18 18:29:48'),('99','u','라볶이','1','17000','2023-01-18 18:29:48'),('99','u','돼지김치찌개','1','14000','2023-01-18 18:29:48'),('99','u','떡복이','1','15000','2023-01-18 18:29:48'),('99','u','김밥','3','9000','2023-01-18 18:29:48'),('99','u','참치김밥','1','11000','2023-01-18 18:29:48'),('99','u','참치김치찌개','3','18000','2023-01-18 18:29:48'),('99','u','치즈김밥','3','11000','2023-01-18 18:29:48'),('102','w','참치김밥','2','11000','2023-01-18 18:29:49'),('102','w','떡복이','1','15000','2023-01-18 18:29:49'),('102','w','돼지김치찌개','3','14000','2023-01-18 18:29:49'),('102','w','김밥','3','9000','2023-01-18 18:29:49'),('102','w','참치김치찌개','2','18000','2023-01-18 18:29:49'),('102','w','라볶이','2','17000','2023-01-18 18:29:49'),('102','w','치즈떡복이','3','17000','2023-01-18 18:29:49'),('109','r','떡복이','2','15000','2023-01-18 18:29:54'),('109','r','김밥','3','9000','2023-01-18 18:29:54'),('109','r','참치김밥','1','11000','2023-01-18 18:29:54'),('110','y','치즈떡복이','1','17000','2023-01-18 18:29:58'),('110','y','참치김치찌개','2','18000','2023-01-18 18:29:58'),('110','y','돼지김치찌개','3','14000','2023-01-18 18:29:58'),('115','a','참치김밥','2','11000','2023-01-18 18:29:59'),('115','a','김밥','1','9000','2023-01-18 18:29:59'),('115','a','치즈떡복이','1','17000','2023-01-18 18:29:59'),('115','a','라볶이','1','17000','2023-01-18 18:29:59'),('115','a','치즈김밥','2','11000','2023-01-18 18:29:59'),('115','a','참치김치찌개','2','18000','2023-01-18 18:29:59'),('115','a','돼지김치찌개','2','14000','2023-01-18 18:29:59'),('115','a','떡복이','1','15000','2023-01-18 18:29:59'),('117','u','치즈떡복이','3','17000','2023-01-18 18:30:04'),('117','u','김밥','2','9000','2023-01-18 18:30:04'),('117','u','돼지김치찌개','1','14000','2023-01-18 18:30:04'),('117','u','참치김치찌개','1','18000','2023-01-18 18:30:04'),('119','u','떡복이','1','15000','2023-01-18 18:30:05'),('119','u','참치김밥','3','11000','2023-01-18 18:30:05'),('119','u','치즈떡복이','3','17000','2023-01-18 18:30:05'),('119','u','치즈김밥','3','11000','2023-01-18 18:30:05'),('119','u','참치김치찌개','1','18000','2023-01-18 18:30:05'),('122','y','김밥','3','9000','2023-01-18 18:30:08'),('122','y','돼지김치찌개','2','14000','2023-01-18 18:30:08'),('122','y','떡복이','1','15000','2023-01-18 18:30:08'),('122','y','참치김밥','2','11000','2023-01-18 18:30:08'),('122','y','치즈김밥','2','11000','2023-01-18 18:30:08'),('122','y','치즈떡복이','3','17000','2023-01-18 18:30:08'),('127','a','돼지김치찌개','2','14000','2023-01-18 18:30:12'),('128','a','김밥','1','9000','2023-01-18 18:30:16'),('128','a','참치김치찌개','2','18000','2023-01-18 18:30:16'),('128','a','치즈김밥','3','11000','2023-01-18 18:30:16'),('128','a','치즈떡복이','2','17000','2023-01-18 18:30:16'),('130','u','치즈떡복이','3','17000','2023-01-18 18:30:17'),('130','u','치즈김밥','1','11000','2023-01-18 18:30:17'),('130','u','김밥','2','9000','2023-01-18 18:30:17'),('130','u','참치김치찌개','1','18000','2023-01-18 18:30:17'),('130','u','라볶이','2','17000','2023-01-18 18:30:17'),('130','u','참치김밥','2','11000','2023-01-18 18:30:17'),('135','r','김밥','3','9000','2023-01-18 18:30:19'),('136','t','치즈떡복이','2','17000','2023-01-18 18:30:22'),('136','t','참치김밥','1','11000','2023-01-18 18:30:22'),('136','t','김밥','2','9000','2023-01-18 18:30:22'),('136','t','치즈김밥','1','11000','2023-01-18 18:30:22'),('136','t','참치김치찌개','2','18000','2023-01-18 18:30:22'),('136','t','떡복이','3','15000','2023-01-18 18:30:22'),('139','u','치즈떡복이','1','17000','2023-01-18 18:30:24'),('139','u','돼지김치찌개','1','14000','2023-01-18 18:30:24'),('139','u','참치김치찌개','2','18000','2023-01-18 18:30:24'),('139','u','참치김밥','1','11000','2023-01-18 18:30:24'),('142','e','치즈떡복이','1','17000','2023-01-18 18:30:27'),('142','e','떡복이','3','15000','2023-01-18 18:30:27'),('142','e','라볶이','2','17000','2023-01-18 18:30:27'),('142','e','참치김치찌개','1','18000','2023-01-18 18:30:27'),('142','e','김밥','3','9000','2023-01-18 18:30:27'),('142','e','돼지김치찌개','1','14000','2023-01-18 18:30:27'),('145','u','참치김밥','2','11000','2023-01-18 18:30:29'),('145','u','치즈떡복이','2','17000','2023-01-18 18:30:29'),('145','u','참치김치찌개','3','18000','2023-01-18 18:30:29'),('145','u','돼지김치찌개','3','14000','2023-01-18 18:30:29'),('147','r','치즈김밥','1','11000','2023-01-18 18:30:32'),('147','r','돼지김치찌개','3','14000','2023-01-18 18:30:32'),('147','r','치즈떡복이','3','17000','2023-01-18 18:30:32'),('147','r','라볶이','3','17000','2023-01-18 18:30:32'),('150','w','떡복이','2','15000','2023-01-18 18:30:37'),('150','w','치즈떡복이','3','17000','2023-01-18 18:30:37'),('150','w','참치김치찌개','3','18000','2023-01-18 18:30:37'),('152','e','치즈김밥','2','11000','2023-01-18 18:30:38'),('152','e','김밥','3','9000','2023-01-18 18:30:38'),('152','e','치즈떡복이','2','17000','2023-01-18 18:30:38'),('157','qq','치즈김밥','2','11000','2023-01-18 18:30:40'),('157','qq','치즈떡복이','2','17000','2023-01-18 18:30:40'),('157','qq','돼지김치찌개','2','14000','2023-01-18 18:30:40'),('157','qq','라볶이','1','17000','2023-01-18 18:30:40'),('157','qq','참치김밥','3','11000','2023-01-18 18:30:40'),('158','t','치즈떡복이','2','17000','2023-01-18 18:30:43'),('158','t','라볶이','1','17000','2023-01-18 18:30:43'),('158','t','참치김밥','1','11000','2023-01-18 18:30:43'),('158','t','치즈김밥','2','11000','2023-01-18 18:30:43'),('158','t','참치김치찌개','1','18000','2023-01-18 18:30:43'),('158','t','김밥','3','9000','2023-01-18 18:30:43'),('158','t','돼지김치찌개','2','14000','2023-01-18 18:30:43'),('158','t','떡복이','1','15000','2023-01-18 18:30:43'),('163','r','치즈김밥','1','11000','2023-01-18 18:30:45'),('163','r','참치김치찌개','2','18000','2023-01-18 18:30:45'),('163','r','치즈떡복이','2','17000','2023-01-18 18:30:45'),('163','r','라볶이','1','17000','2023-01-18 18:30:45'),('163','r','김밥','1','9000','2023-01-18 18:30:45'),('166','w','김밥','1','9000','2023-01-18 18:30:47'),('170','qq','김밥','2','9000','2023-01-18 18:30:50'),('170','qq','치즈김밥','3','11000','2023-01-18 18:30:50'),('172','w','참치김치찌개','2','18000','2023-01-18 18:30:52'),('174','e','치즈김밥','3','11000','2023-01-18 18:30:53'),('174','e','라볶이','2','17000','2023-01-18 18:30:53'),('174','e','치즈떡복이','1','17000','2023-01-18 18:30:53'),('174','e','돼지김치찌개','3','14000','2023-01-18 18:30:53'),('174','e','김밥','2','9000','2023-01-18 18:30:53'),('177','e','돼지김치찌개','2','14000','2023-01-18 18:30:55'),('177','e','치즈떡복이','1','17000','2023-01-18 18:30:55'),('177','e','라볶이','2','17000','2023-01-18 18:30:55'),('177','e','치즈김밥','2','11000','2023-01-18 18:30:55'),('177','e','떡복이','2','15000','2023-01-18 18:30:55'),('177','e','김밥','2','9000','2023-01-18 18:30:55'),('177','e','참치김치찌개','2','18000','2023-01-18 18:30:55'),('180','e','돼지김치찌개','3','14000','2023-01-18 18:31:00'),('180','e','치즈김밥','1','11000','2023-01-18 18:31:00'),('180','e','치즈떡복이','3','17000','2023-01-18 18:31:00'),('180','e','떡복이','1','15000','2023-01-18 18:31:00'),('180','e','김밥','1','9000','2023-01-18 18:31:00'),('180','e','참치김치찌개','2','18000','2023-01-18 18:31:00'),('180','e','참치김밥','2','11000','2023-01-18 18:31:00'),('182','u','김밥','2','9000','2023-01-18 18:31:02'),('182','u','치즈김밥','2','11000','2023-01-18 18:31:02'),('184','w','돼지김치찌개','1','14000','2023-01-18 18:31:03'),('184','w','라볶이','2','17000','2023-01-18 18:31:03'),('184','w','김밥','1','9000','2023-01-18 18:31:03'),('184','w','떡복이','1','15000','2023-01-18 18:31:03'),('186','u','김밥','2','9000','2023-01-18 18:31:05'),('186','u','치즈김밥','1','11000','2023-01-18 18:31:05'),('186','u','참치김치찌개','1','18000','2023-01-18 18:31:05'),('186','u','라볶이','3','17000','2023-01-18 18:31:05'),('186','u','떡복이','2','15000','2023-01-18 18:31:05'),('186','u','돼지김치찌개','3','14000','2023-01-18 18:31:05'),('186','u','치즈떡복이','2','17000','2023-01-18 18:31:05'),('186','u','참치김밥','3','11000','2023-01-18 18:31:05'),('190','w','치즈김밥','1','11000','2023-01-18 18:31:06'),('190','w','라볶이','2','17000','2023-01-18 18:31:06'),('190','w','참치김치찌개','3','18000','2023-01-18 18:31:06'),('190','w','참치김밥','3','11000','2023-01-18 18:31:06'),('190','w','치즈떡복이','1','17000','2023-01-18 18:31:06'),('193','e','김밥','2','9000','2023-01-18 18:37:05'),('200','a','떡복이','1','15000','2023-01-18 18:37:09'),('201','r','참치김치찌개','3','18000','2023-01-18 18:37:10'),('206','a','떡복이','2','15000','2023-01-18 18:37:15'),('207','e','치즈떡복이','2','17000','2023-01-18 18:37:17'),('208','t','라볶이','1','17000','2023-01-18 18:37:19'),('208','t','돼지김치찌개','3','14000','2023-01-18 18:37:19'),('209','e','참치김밥','2','11000','2023-01-18 18:37:20'),('209','e','라볶이','3','17000','2023-01-18 18:37:20'),('209','e','치즈떡복이','3','17000','2023-01-18 18:37:20'),('209','e','참치김치찌개','2','18000','2023-01-18 18:37:20'),('209','e','돼지김치찌개','2','14000','2023-01-18 18:37:20'),('209','e','김밥','1','9000','2023-01-18 18:37:20'),('209','e','떡복이','3','15000','2023-01-18 18:37:20'),('209','e','치즈김밥','1','11000','2023-01-18 18:37:20'),('214','w','라볶이','3','17000','2023-01-18 18:37:23'),('214','w','김밥','3','9000','2023-01-18 18:37:23'),('214','w','참치김밥','1','11000','2023-01-18 18:37:23'),('214','w','치즈떡복이','3','17000','2023-01-18 18:37:23'),('214','w','치즈김밥','2','11000','2023-01-18 18:37:23'),('214','w','떡복이','1','15000','2023-01-18 18:37:23'),('214','w','돼지김치찌개','2','14000','2023-01-18 18:37:23'),('214','w','참치김치찌개','1','18000','2023-01-18 18:37:23'),('218','r','떡복이','1','15000','2023-01-18 18:37:27'),('218','r','돼지김치찌개','1','14000','2023-01-18 18:37:27'),('218','r','참치김밥','2','11000','2023-01-18 18:37:27'),('218','r','참치김치찌개','2','18000','2023-01-18 18:37:27'),('218','r','치즈떡복이','2','17000','2023-01-18 18:37:27'),('218','r','김밥','1','9000','2023-01-18 18:37:27'),('218','r','치즈김밥','3','11000','2023-01-18 18:37:27'),('222','e','라볶이','2','17000','2023-01-18 18:37:32'),('222','e','치즈떡복이','3','17000','2023-01-18 18:37:32'),('222','e','참치김치찌개','1','18000','2023-01-18 18:37:32'),('222','e','떡복이','1','15000','2023-01-18 18:37:32'),('222','e','치즈김밥','3','11000','2023-01-18 18:37:32'),('222','e','돼지김치찌개','2','14000','2023-01-18 18:37:32'),('226','r','치즈김밥','2','11000','2023-01-18 18:37:35'),('226','r','라볶이','2','17000','2023-01-18 18:37:35'),('229','r','돼지김치찌개','3','14000','2023-01-18 18:37:38'),('229','r','참치김밥','1','11000','2023-01-18 18:37:38'),('229','r','참치김치찌개','3','18000','2023-01-18 18:37:38'),('229','r','라볶이','2','17000','2023-01-18 18:37:38'),('229','r','치즈김밥','2','11000','2023-01-18 18:37:38'),('229','r','떡복이','2','15000','2023-01-18 18:37:38'),('229','r','치즈떡복이','3','17000','2023-01-18 18:37:38'),('229','r','김밥','3','9000','2023-01-18 18:37:38'),('232','w','참치김치찌개','2','18000','2023-01-18 18:38:08'),('232','w','치즈김밥','2','11000','2023-01-18 18:38:08'),('232','w','떡복이','2','15000','2023-01-18 18:38:08'),('232','w','돼지김치찌개','1','14000','2023-01-18 18:38:08'),('232','w','참치김밥','3','11000','2023-01-18 18:38:08'),('237','u','라볶이','2','17000','2023-01-18 18:38:13'),('237','u','치즈떡복이','2','17000','2023-01-18 18:38:13'),('237','u','떡복이','1','15000','2023-01-18 18:38:13'),('241','w','돼지김치찌개','3','14000','2023-01-18 18:38:16'),('241','w','참치김밥','3','11000','2023-01-18 18:38:16'),('241','w','떡복이','2','15000','2023-01-18 18:38:16'),('241','w','참치김치찌개','2','18000','2023-01-18 18:38:16'),('241','w','김밥','1','9000','2023-01-18 18:38:16'),('241','w','치즈떡복이','1','17000','2023-01-18 18:38:16'),('244','u','치즈김밥','1','11000','2023-01-18 18:38:19'),('244','u','참치김밥','3','11000','2023-01-18 18:38:19'),('248','u','참치김밥','2','11000','2023-01-18 18:38:23'),('248','u','치즈김밥','2','11000','2023-01-18 18:38:23'),('248','u','치즈떡복이','2','17000','2023-01-18 18:38:23'),('248','u','김밥','1','9000','2023-01-18 18:38:23'),('248','u','참치김치찌개','2','18000','2023-01-18 18:38:23'),('251','r','떡복이','3','15000','2023-01-18 18:38:24'),('251','r','참치김치찌개','2','18000','2023-01-18 18:38:24'),('251','r','참치김밥','2','11000','2023-01-18 18:38:24'),('251','r','돼지김치찌개','1','14000','2023-01-18 18:38:24'),('251','r','치즈김밥','1','11000','2023-01-18 18:38:24'),('251','r','치즈떡복이','1','17000','2023-01-18 18:38:24'),('253','w','참치김밥','2','11000','2023-01-18 18:38:27'),('255','r','참치김치찌개','2','18000','2023-01-18 18:38:30'),('255','r','라볶이','3','17000','2023-01-18 18:38:30'),('255','r','치즈떡복이','1','17000','2023-01-18 18:38:30'),('255','r','치즈김밥','2','11000','2023-01-18 18:38:30'),('255','r','김밥','3','9000','2023-01-18 18:38:30'),('257','t','참치김밥','1','11000','2023-01-18 18:38:34'),('257','t','라볶이','3','17000','2023-01-18 18:38:34'),('257','t','떡복이','1','15000','2023-01-18 18:38:34'),('257','t','참치김치찌개','3','18000','2023-01-18 18:38:34'),('257','t','김밥','3','9000','2023-01-18 18:38:34'),('260','u','라볶이','3','17000','2023-01-18 18:38:36'),('260','u','참치김밥','3','11000','2023-01-18 18:38:36'),('260','u','치즈김밥','3','11000','2023-01-18 18:38:36'),('260','u','떡복이','3','15000','2023-01-18 18:38:36'),('260','u','치즈떡복이','1','17000','2023-01-18 18:38:36'),('260','u','김밥','3','9000','2023-01-18 18:38:36'),('260','u','참치김치찌개','1','18000','2023-01-18 18:38:36'),('260','u','돼지김치찌개','1','14000','2023-01-18 18:38:36'),('269','a','라볶이','1','17000','2023-01-18 18:38:40'),('269','a','치즈떡복이','1','17000','2023-01-18 18:38:40'),('269','a','떡복이','3','15000','2023-01-18 18:38:40'),('269','a','돼지김치찌개','2','14000','2023-01-18 18:38:40'),('269','a','참치김밥','1','11000','2023-01-18 18:38:40'),('269','a','참치김치찌개','1','18000','2023-01-18 18:38:40'),('269','a','치즈김밥','2','11000','2023-01-18 18:38:40'),('271','a','돼지김치찌개','1','14000','2023-01-18 18:38:44'),('271','a','참치김밥','3','11000','2023-01-18 18:38:44'),('271','a','참치김치찌개','1','18000','2023-01-18 18:38:44'),('271','a','라볶이','2','17000','2023-01-18 18:38:44'),('276','u','라볶이','2','17000','2023-01-18 18:38:47'),('277','y','치즈김밥','3','11000','2023-01-18 18:38:50'),('277','y','김밥','2','9000','2023-01-18 18:38:50'),('277','y','참치김밥','3','11000','2023-01-18 18:38:50'),('277','y','떡복이','2','15000','2023-01-18 18:38:50'),('282','w','돼지김치찌개','3','14000','2023-01-18 18:38:54'),('282','w','김밥','2','9000','2023-01-18 18:38:54'),('283','r','떡복이','2','15000','2023-01-18 18:38:58'),('283','r','참치김밥','1','11000','2023-01-18 18:38:58'),('283','r','돼지김치찌개','1','14000','2023-01-18 18:38:58'),('284','y','참치김밥','3','11000','2023-01-18 18:39:01'),('284','y','라볶이','1','17000','2023-01-18 18:39:01'),('284','y','김밥','1','9000','2023-01-18 18:39:01'),('284','y','치즈떡복이','3','17000','2023-01-18 18:39:01'),('285','u','떡복이','3','15000','2023-01-18 18:39:02'),('285','u','참치김치찌개','3','18000','2023-01-18 18:39:02'),('285','u','김밥','1','9000','2023-01-18 18:39:02'),('285','u','치즈떡복이','3','17000','2023-01-18 18:39:02'),('285','u','라볶이','2','17000','2023-01-18 18:39:02'),('287','qq','참치김밥','3','11000','2023-01-18 18:39:05'),('287','qq','떡복이','3','15000','2023-01-18 18:39:05'),('287','qq','치즈김밥','3','11000','2023-01-18 18:39:05'),('287','qq','치즈떡복이','3','17000','2023-01-18 18:39:05'),('287','qq','라볶이','3','17000','2023-01-18 18:39:05'),('287','qq','참치김치찌개','1','18000','2023-01-18 18:39:05'),('293','u','돼지김치찌개','2','14000','2023-01-18 18:39:08'),('293','u','치즈김밥','3','11000','2023-01-18 18:39:08'),('301','y','참치김밥','3','11000','2023-01-18 18:39:10'),('301','y','김밥','2','9000','2023-01-18 18:39:10'),('301','y','참치김치찌개','3','18000','2023-01-18 18:39:10'),('301','y','치즈떡복이','3','17000','2023-01-18 18:39:10'),('301','y','떡복이','1','15000','2023-01-18 18:39:10'),('301','y','라볶이','1','17000','2023-01-18 18:39:10'),('301','y','돼지김치찌개','3','14000','2023-01-18 18:39:10'),('301','y','치즈김밥','3','11000','2023-01-18 18:39:10'),('302','r','참치김치찌개','1','18000','2023-01-18 18:39:12'),('302','r','돼지김치찌개','2','14000','2023-01-18 18:39:12'),('302','r','치즈떡복이','3','17000','2023-01-18 18:39:12'),('302','r','참치김밥','3','11000','2023-01-18 18:39:12'),('305','e','치즈김밥','3','11000','2023-01-18 18:39:14'),('306','r','참치김밥','3','11000','2023-01-18 18:39:15'),('306','r','김밥','3','9000','2023-01-18 18:39:15'),('306','r','참치김치찌개','2','18000','2023-01-18 18:39:15'),('306','r','치즈김밥','2','11000','2023-01-18 18:39:15'),('306','r','떡복이','2','15000','2023-01-18 18:39:15'),('306','r','라볶이','3','17000','2023-01-18 18:39:15'),('306','r','돼지김치찌개','1','14000','2023-01-18 18:39:15'),('306','r','치즈떡복이','1','17000','2023-01-18 18:39:15'),('314','qq','돼지김치찌개','1','14000','2023-01-18 18:39:17'),('314','qq','떡복이','3','15000','2023-01-18 18:39:17'),('314','qq','치즈떡복이','2','17000','2023-01-18 18:39:17'),('314','qq','참치김밥','2','11000','2023-01-18 18:39:17'),('315','qq','돼지김치찌개','3','14000','2023-01-18 18:39:20'),('315','qq','참치김밥','1','11000','2023-01-18 18:39:20'),('315','qq','치즈김밥','3','11000','2023-01-18 18:39:20'),('315','qq','떡복이','2','15000','2023-01-18 18:39:20'),('315','qq','김밥','3','9000','2023-01-18 18:39:20'),('315','qq','치즈떡복이','2','17000','2023-01-18 18:39:20'),('315','qq','라볶이','2','17000','2023-01-18 18:39:20'),('315','qq','참치김치찌개','2','18000','2023-01-18 18:39:20'),('321','w','치즈떡복이','3','17000','2023-01-18 18:39:24'),('321','w','김밥','3','9000','2023-01-18 18:39:24'),('325','w','라볶이','2','17000','2023-01-18 18:39:27'),('325','w','참치김치찌개','1','18000','2023-01-18 18:39:27'),('325','w','치즈김밥','2','11000','2023-01-18 18:39:27'),('326','y','김밥','1','9000','2023-01-18 18:39:30'),('326','y','치즈김밥','1','11000','2023-01-18 18:39:30'),('327','e','치즈김밥','2','11000','2023-01-18 18:39:32'),('327','e','참치김치찌개','1','18000','2023-01-18 18:39:32'),('327','e','돼지김치찌개','2','14000','2023-01-18 18:39:32'),('327','e','김밥','1','9000','2023-01-18 18:39:32'),('327','e','치즈떡복이','3','17000','2023-01-18 18:39:32'),('328','a','치즈김밥','3','11000','2023-01-18 18:39:36'),('328','a','참치김치찌개','1','18000','2023-01-18 18:39:36'),('328','a','라볶이','1','17000','2023-01-18 18:39:36'),('328','a','떡복이','3','15000','2023-01-18 18:39:36'),('328','a','참치김밥','1','11000','2023-01-18 18:39:36'),('328','a','치즈떡복이','1','17000','2023-01-18 18:39:36'),('328','a','돼지김치찌개','2','14000','2023-01-18 18:39:36'),('328','a','김밥','3','9000','2023-01-18 18:39:36'),('332','e','참치김밥','2','11000','2023-01-18 18:39:41'),('332','e','라볶이','1','17000','2023-01-18 18:39:41'),('332','e','치즈김밥','2','11000','2023-01-18 18:39:41'),('332','e','떡복이','2','15000','2023-01-18 18:39:41'),('332','e','치즈떡복이','2','17000','2023-01-18 18:39:41'),('332','e','돼지김치찌개','3','14000','2023-01-18 18:39:41'),('332','e','김밥','2','9000','2023-01-18 18:39:41'),('332','e','참치김치찌개','3','18000','2023-01-18 18:39:41'),('338','u','참치김밥','1','11000','2023-01-18 18:39:42'),('338','u','치즈떡복이','1','17000','2023-01-18 18:39:42'),('338','u','라볶이','2','17000','2023-01-18 18:39:42'),('338','u','돼지김치찌개','3','14000','2023-01-18 18:39:42'),('338','u','떡복이','2','15000','2023-01-18 18:39:42'),('338','u','김밥','2','9000','2023-01-18 18:39:42'),('338','u','참치김치찌개','1','18000','2023-01-18 18:39:42'),('338','u','치즈김밥','3','11000','2023-01-18 18:39:42'),('345','y','참치김밥','2','11000','2023-01-18 18:39:46'),('345','y','돼지김치찌개','1','14000','2023-01-18 18:39:46'),('345','y','김밥','3','9000','2023-01-18 18:39:46'),('345','y','참치김치찌개','3','18000','2023-01-18 18:39:46'),('345','y','치즈떡복이','3','17000','2023-01-18 18:39:46'),('348','e','돼지김치찌개','3','14000','2023-01-18 18:39:49'),('348','e','참치김치찌개','3','18000','2023-01-18 18:39:49'),('348','e','치즈김밥','1','11000','2023-01-18 18:39:49'),('348','e','김밥','2','9000','2023-01-18 18:39:49'),('348','e','라볶이','2','17000','2023-01-18 18:39:49'),('348','e','치즈떡복이','2','17000','2023-01-18 18:39:49'),('348','e','떡복이','1','15000','2023-01-18 18:39:49'),('348','e','참치김밥','3','11000','2023-01-18 18:39:49'),('354','e','라볶이','3','17000','2023-01-18 18:39:53'),('354','e','김밥','3','9000','2023-01-18 18:39:53'),('354','e','참치김밥','2','11000','2023-01-18 18:39:53'),('354','e','떡복이','3','15000','2023-01-18 18:39:53'),('354','e','돼지김치찌개','3','14000','2023-01-18 18:39:53'),('357','t','치즈김밥','1','11000','2023-01-18 18:39:55'),('357','t','치즈떡복이','2','17000','2023-01-18 18:39:55'),('357','t','김밥','1','9000','2023-01-18 18:39:55'),('358','w','치즈김밥','2','11000','2023-01-18 18:39:58'),('358','w','참치김치찌개','1','18000','2023-01-18 18:39:58'),('358','w','라볶이','2','17000','2023-01-18 18:39:58'),('358','w','김밥','1','9000','2023-01-18 18:39:58'),('358','w','떡복이','2','15000','2023-01-18 18:39:58'),('358','w','참치김밥','1','11000','2023-01-18 18:39:58'),('362','u','참치김치찌개','3','18000','2023-01-18 18:40:02'),('362','u','떡복이','2','15000','2023-01-18 18:40:02'),('366','t','치즈김밥','2','11000','2023-01-18 18:40:04'),('366','t','김밥','2','9000','2023-01-18 18:40:04'),('366','t','참치김치찌개','3','18000','2023-01-18 18:40:04'),('366','t','라볶이','3','17000','2023-01-18 18:40:04'),('368','a','치즈김밥','3','11000','2023-01-18 18:53:57'),('368','a','치즈떡복이','1','17000','2023-01-18 18:53:57'),('368','a','참치김밥','3','11000','2023-01-18 18:53:57'),('370','w','떡복이','3','15000','2023-01-18 18:55:34'),('370','w','참치김밥','1','11000','2023-01-18 18:55:34'),('370','w','치즈김밥','3','11000','2023-01-18 18:55:34'),('370','w','돼지김치찌개','2','14000','2023-01-18 18:55:34'),('370','w','라볶이','1','17000','2023-01-18 18:55:34'),('370','w','참치김치찌개','2','18000','2023-01-18 18:55:34'),('370','w','김밥','3','9000','2023-01-18 18:55:34'),('370','w','치즈떡복이','1','17000','2023-01-18 18:55:34'),('373','a','김밥','3','9000','2023-01-18 18:56:08'),('373','a','돼지김치찌개','2','14000','2023-01-18 18:56:08'),('373','a','치즈떡복이','3','17000','2023-01-18 18:56:08'),('381','t','라볶이','2','17000','2023-01-18 18:57:04'),('381','t','떡복이','3','15000','2023-01-18 18:57:04'),('381','t','치즈떡복이','1','17000','2023-01-18 18:57:04'),('381','t','참치김밥','1','11000','2023-01-18 18:57:04'),('382','u','김밥','3','9000','2023-01-18 18:57:43'),('382','u','참치김치찌개','1','18000','2023-01-18 18:57:43'),('382','u','라볶이','3','17000','2023-01-18 18:57:43'),('382','u','떡복이','3','15000','2023-01-18 18:57:43'),('387','t','라볶이','1','17000','2023-01-18 19:00:40'),('387','t','참치김치찌개','2','18000','2023-01-18 19:00:40'),('387','t','참치김밥','2','11000','2023-01-18 19:00:40'),('387','t','김밥','2','9000','2023-01-18 19:00:40'),('387','t','떡복이','1','15000','2023-01-18 19:00:40'),('387','t','치즈김밥','3','11000','2023-01-18 19:00:40'),('387','t','돼지김치찌개','2','14000','2023-01-18 19:00:40'),('387','t','치즈떡복이','1','17000','2023-01-18 19:00:40'),('390','t','참치김밥','3','11000','2023-01-18 19:00:58'),('390','t','라볶이','2','17000','2023-01-18 19:00:58'),('390','t','치즈김밥','3','11000','2023-01-18 19:00:58'),('390','t','돼지김치찌개','2','14000','2023-01-18 19:00:58'),('392','qq','치즈떡복이','1','17000','2023-01-18 19:04:06'),('392','qq','떡복이','3','15000','2023-01-18 19:04:06'),('392','qq','돼지김치찌개','3','14000','2023-01-18 19:04:06'),('392','qq','참치김밥','3','11000','2023-01-18 19:04:06'),('392','qq','치즈김밥','3','11000','2023-01-18 19:04:06'),('392','qq','라볶이','1','17000','2023-01-18 19:04:06'),('392','qq','참치김치찌개','3','18000','2023-01-18 19:04:06'),('392','qq','김밥','3','9000','2023-01-18 19:04:06'),('396','t','떡복이','3','15000','2023-01-18 19:05:33'),('396','t','돼지김치찌개','1','14000','2023-01-18 19:05:33'),('396','t','라볶이','2','17000','2023-01-18 19:05:33'),('396','t','참치김밥','1','11000','2023-01-18 19:05:33'),('396','t','치즈떡복이','2','17000','2023-01-18 19:05:33'),('396','t','참치김치찌개','2','18000','2023-01-18 19:05:33'),('396','t','김밥','2','9000','2023-01-18 19:05:33'),('396','t','치즈김밥','2','11000','2023-01-18 19:05:33'),('403','r','떡복이','3','15000','2023-01-18 19:06:10'),('403','r','참치김밥','3','11000','2023-01-18 19:06:10'),('403','r','치즈김밥','3','11000','2023-01-18 19:06:10'),('403','r','라볶이','3','17000','2023-01-18 19:06:10'),('403','r','김밥','1','9000','2023-01-18 19:06:10'),('403','r','참치김치찌개','3','18000','2023-01-18 19:06:10'),('403','r','치즈떡복이','1','17000','2023-01-18 19:06:10'),('408','u','참치김치찌개','2','18000','2023-01-18 19:06:55'),('408','u','김밥','2','9000','2023-01-18 19:06:55'),('408','u','참치김밥','2','11000','2023-01-18 19:06:55'),('411','t','떡복이','1','15000','2023-01-18 19:06:56'),('412','u','치즈김밥','2','11000','2023-01-18 19:07:00'),('412','u','떡복이','3','15000','2023-01-18 19:07:00'),('412','u','치즈떡복이','2','17000','2023-01-18 19:07:00'),('412','u','참치김밥','1','11000','2023-01-18 19:07:00'),('412','u','돼지김치찌개','2','14000','2023-01-18 19:07:00'),('412','u','라볶이','3','17000','2023-01-18 19:07:00'),('412','u','참치김치찌개','1','18000','2023-01-18 19:07:00'),('412','u','김밥','1','9000','2023-01-18 19:07:00'),('418','r','김밥','2','9000','2023-01-18 19:07:55'),('418','r','참치김밥','3','11000','2023-01-18 19:07:55'),('423','t','라볶이','3','17000','2023-01-18 19:08:16'),('423','t','참치김밥','1','11000','2023-01-18 19:08:16'),('424','y','참치김밥','3','11000','2023-01-18 19:08:19'),('424','y','돼지김치찌개','2','14000','2023-01-18 19:08:19'),('424','y','김밥','2','9000','2023-01-18 19:08:19'),('424','y','참치김치찌개','3','18000','2023-01-18 19:08:19'),('424','y','치즈떡복이','1','17000','2023-01-18 19:08:19'),('424','y','치즈김밥','1','11000','2023-01-18 19:08:19'),('424','y','떡복이','1','15000','2023-01-18 19:08:19'),('424','y','라볶이','1','17000','2023-01-18 19:08:19'),('426','qq','김밥','2','9000','2023-01-18 19:08:22'),('426','qq','라볶이','3','17000','2023-01-18 19:08:22'),('426','qq','돼지김치찌개','3','14000','2023-01-18 19:08:22'),('426','qq','참치김치찌개','1','18000','2023-01-18 19:08:22'),('430','u','참치김밥','2','11000','2023-01-18 19:08:24'),('430','u','치즈김밥','2','11000','2023-01-18 19:08:24'),('430','u','떡복이','3','15000','2023-01-18 19:08:24'),('430','u','돼지김치찌개','1','14000','2023-01-18 19:08:24'),('430','u','치즈떡복이','3','17000','2023-01-18 19:08:24'),('435','y','김밥','1','9000','2023-01-18 19:08:26'),('435','y','참치김밥','1','11000','2023-01-18 19:08:26'),('435','y','떡복이','2','15000','2023-01-18 19:08:26'),('435','y','참치김치찌개','1','18000','2023-01-18 19:08:26'),('437','r','떡복이','1','15000','2023-01-18 19:08:30'),('437','r','라볶이','1','17000','2023-01-18 19:08:30'),('437','r','참치김치찌개','2','18000','2023-01-18 19:08:30'),('437','r','참치김밥','1','11000','2023-01-18 19:08:30'),('437','r','치즈떡복이','1','17000','2023-01-18 19:08:30'),('437','r','치즈김밥','3','11000','2023-01-18 19:08:30'),('439','a','돼지김치찌개','2','14000','2023-01-18 19:08:33'),('441','u','치즈김밥','3','11000','2023-01-18 19:08:37'),('441','u','라볶이','2','17000','2023-01-18 19:08:37'),('441','u','김밥','3','9000','2023-01-18 19:08:37'),('441','u','참치김밥','1','11000','2023-01-18 19:08:37'),('443','a','치즈떡복이','1','17000','2023-01-18 19:08:38'),('443','a','참치김밥','1','11000','2023-01-18 19:08:38'),('444','t','참치김밥','2','11000','2023-01-19 09:17:57'),('463','r','참치김치찌개','1','18000','2023-01-19 09:18:07'),('463','r','떡복이','1','15000','2023-01-19 09:18:07'),('463','r','치즈떡복이','2','17000','2023-01-19 09:18:07'),('470','e','치즈김밥','1','11000','2023-01-19 09:18:21'),('470','e','참치김치찌개','2','18000','2023-01-19 09:18:21'),('470','e','라볶이','2','17000','2023-01-19 09:18:21'),('470','e','돼지김치찌개','3','14000','2023-01-19 09:18:21'),('470','e','참치김밥','1','11000','2023-01-19 09:18:21'),('470','e','치즈떡복이','1','17000','2023-01-19 09:18:21'),('470','e','떡복이','1','15000','2023-01-19 09:18:21'),('474','w','치즈떡복이','2','17000','2023-01-19 09:18:35'),('474','w','치즈김밥','1','11000','2023-01-19 09:18:35'),('474','w','참치김치찌개','3','18000','2023-01-19 09:18:35'),('474','w','떡복이','3','15000','2023-01-19 09:18:35'),('474','w','참치김밥','1','11000','2023-01-19 09:18:35'),('474','w','김밥','3','9000','2023-01-19 09:18:35'),('474','w','돼지김치찌개','2','14000','2023-01-19 09:18:35'),('478','a','참치김밥','1','11000','2023-01-19 09:18:50'),('479','e','김밥','2','9000','2023-01-19 09:19:01'),('479','e','치즈김밥','2','11000','2023-01-19 09:19:01'),('479','e','치즈떡복이','2','17000','2023-01-19 09:19:01'),('479','e','돼지김치찌개','1','14000','2023-01-19 09:19:01'),('479','e','참치김치찌개','3','18000','2023-01-19 09:19:01'),('485','y','김밥','3','9000','2023-01-19 09:19:14'),('485','y','라볶이','2','17000','2023-01-19 09:19:14'),('485','y','치즈떡복이','1','17000','2023-01-19 09:19:14'),('485','y','치즈김밥','3','11000','2023-01-19 09:19:14'),('487','r','김밥','1','9000','2023-01-19 09:19:28'),('487','r','떡복이','1','15000','2023-01-19 09:19:28'),('487','r','참치김치찌개','3','18000','2023-01-19 09:19:28'),('487','r','라볶이','1','17000','2023-01-19 09:19:28'),('487','r','치즈김밥','1','11000','2023-01-19 09:19:28'),('487','r','참치김밥','2','11000','2023-01-19 09:19:28'),('487','r','돼지김치찌개','2','14000','2023-01-19 09:19:28'),('487','r','치즈떡복이','3','17000','2023-01-19 09:19:28'),('491','t','떡복이','1','15000','2023-01-19 09:19:40'),('491','t','김밥','2','9000','2023-01-19 09:19:40'),('491','t','라볶이','1','17000','2023-01-19 09:19:40'),('491','t','치즈떡복이','3','17000','2023-01-19 09:19:40'),('493','r','치즈김밥','2','11000','2023-01-19 09:19:52'),('495','w','참치김밥','1','11000','2023-01-19 09:20:03'),('495','w','떡복이','1','15000','2023-01-19 09:20:03'),('495','w','김밥','3','9000','2023-01-19 09:20:03'),('495','w','참치김치찌개','1','18000','2023-01-19 09:20:03'),('497','w','떡복이','2','15000','2023-01-19 09:20:13'),('497','w','참치김치찌개','3','18000','2023-01-19 09:20:13'),('497','w','치즈김밥','1','11000','2023-01-19 09:20:13'),('498','t','돼지김치찌개','3','14000','2023-01-19 09:20:25'),('498','t','치즈떡복이','3','17000','2023-01-19 09:20:25'),('500','u','떡복이','2','15000','2023-01-19 09:20:37'),('500','u','돼지김치찌개','2','14000','2023-01-19 09:20:37'),('502','e','떡복이','1','15000','2023-01-19 09:20:48'),('502','e','김밥','1','9000','2023-01-19 09:20:48'),('502','e','참치김치찌개','3','18000','2023-01-19 09:20:48'),('502','e','치즈김밥','1','11000','2023-01-19 09:20:48'),('502','e','참치김밥','2','11000','2023-01-19 09:20:48'),('502','e','라볶이','2','17000','2023-01-19 09:20:48'),('502','e','치즈떡복이','3','17000','2023-01-19 09:20:48'),('509','e','치즈떡복이','3','17000','2023-01-19 09:21:01'),('509','e','김밥','2','9000','2023-01-19 09:21:01'),('509','e','참치김치찌개','1','18000','2023-01-19 09:21:01'),('509','e','치즈김밥','1','11000','2023-01-19 09:21:01'),('510','e','라볶이','1','17000','2023-01-19 09:21:15'),('510','e','김밥','3','9000','2023-01-19 09:21:15'),('510','e','돼지김치찌개','2','14000','2023-01-19 09:21:15'),('510','e','참치김치찌개','1','18000','2023-01-19 09:21:15'),('510','e','참치김밥','1','11000','2023-01-19 09:21:15'),('510','e','치즈김밥','1','11000','2023-01-19 09:21:15'),('510','e','떡복이','3','15000','2023-01-19 09:21:15'),('515','w','돼지김치찌개','3','14000','2023-01-19 09:21:30'),('515','w','참치김밥','3','11000','2023-01-19 09:21:30'),('515','w','김밥','3','9000','2023-01-19 09:21:30'),('515','w','치즈김밥','3','11000','2023-01-19 09:21:30'),('515','w','치즈떡복이','3','17000','2023-01-19 09:21:30'),('515','w','떡복이','3','15000','2023-01-19 09:21:30'),('515','w','라볶이','3','17000','2023-01-19 09:21:30'),('520','qq','참치김밥','1','11000','2023-01-19 09:21:41'),('520','qq','라볶이','2','17000','2023-01-19 09:21:41'),('520','qq','김밥','1','9000','2023-01-19 09:21:41'),('520','qq','치즈떡복이','2','17000','2023-01-19 09:21:41'),('520','qq','참치김치찌개','3','18000','2023-01-19 09:21:41'),('520','qq','돼지김치찌개','3','14000','2023-01-19 09:21:41'),('520','qq','치즈김밥','1','11000','2023-01-19 09:21:41'),('520','qq','떡복이','1','15000','2023-01-19 09:21:41'),('522','y','돼지김치찌개','1','14000','2023-01-19 09:21:56'),('522','y','라볶이','2','17000','2023-01-19 09:21:56'),('522','y','치즈떡복이','2','17000','2023-01-19 09:21:56'),('522','y','참치김밥','3','11000','2023-01-19 09:21:56'),('522','y','치즈김밥','2','11000','2023-01-19 09:21:56'),('522','y','떡복이','1','15000','2023-01-19 09:21:56'),('522','y','김밥','1','9000','2023-01-19 09:21:56'),('522','y','참치김치찌개','1','18000','2023-01-19 09:21:56'),('528','a','치즈김밥','2','11000','2023-01-19 09:22:11'),('528','a','치즈떡복이','2','17000','2023-01-19 09:22:11'),('528','a','참치김치찌개','2','18000','2023-01-19 09:22:11'),('530','w','치즈김밥','3','11000','2023-01-19 09:22:23'),('530','w','참치김밥','3','11000','2023-01-19 09:22:23'),('530','w','김밥','1','9000','2023-01-19 09:22:23'),('530','w','참치김치찌개','2','18000','2023-01-19 09:22:23'),('530','w','떡복이','3','15000','2023-01-19 09:22:23'),('530','w','돼지김치찌개','3','14000','2023-01-19 09:22:23'),('530','w','치즈떡복이','2','17000','2023-01-19 09:22:23'),('530','w','라볶이','1','17000','2023-01-19 09:22:23'),('536','r','치즈김밥','1','11000','2023-01-19 09:22:38'),('537','qq','김밥','3','9000','2023-01-19 09:22:49'),('537','qq','치즈김밥','1','11000','2023-01-19 09:22:49'),('537','qq','돼지김치찌개','1','14000','2023-01-19 09:22:49'),('540','qq','돼지김치찌개','1','14000','2023-01-19 09:23:02'),('540','qq','김밥','3','9000','2023-01-19 09:23:02'),('540','qq','참치김밥','1','11000','2023-01-19 09:23:02'),('540','qq','떡복이','2','15000','2023-01-19 09:23:02'),('540','qq','치즈김밥','3','11000','2023-01-19 09:23:02'),('540','qq','치즈떡복이','2','17000','2023-01-19 09:23:02'),('540','qq','라볶이','1','17000','2023-01-19 09:23:02'),('542','a','라볶이','2','17000','2023-01-19 09:23:16'),('542','a','김밥','1','9000','2023-01-19 09:23:16'),('542','a','참치김밥','1','11000','2023-01-19 09:23:16'),('542','a','치즈김밥','3','11000','2023-01-19 09:23:16'),('542','a','치즈떡복이','3','17000','2023-01-19 09:23:16'),('542','a','참치김치찌개','3','18000','2023-01-19 09:23:16'),('542','a','돼지김치찌개','3','14000','2023-01-19 09:23:16'),('542','a','떡복이','1','15000','2023-01-19 09:23:16'),('548','t','라볶이','1','17000','2023-01-19 09:23:33'),('548','t','김밥','3','9000','2023-01-19 09:23:33'),('548','t','치즈김밥','1','11000','2023-01-19 09:23:34'),('548','t','돼지김치찌개','3','14000','2023-01-19 09:23:34'),('552','u','참치김밥','3','11000','2023-01-19 09:23:56'),('553','r','떡복이','1','15000','2023-01-19 09:24:08'),('553','r','참치김밥','1','11000','2023-01-19 09:24:08'),('553','r','김밥','2','9000','2023-01-19 09:24:08'),('553','r','치즈떡복이','1','17000','2023-01-19 09:24:08'),('553','r','치즈김밥','2','11000','2023-01-19 09:24:08'),('553','r','돼지김치찌개','1','14000','2023-01-19 09:24:08'),('553','r','라볶이','3','17000','2023-01-19 09:24:08'),('556','e','라볶이','2','17000','2023-01-19 09:24:19'),('556','e','김밥','1','9000','2023-01-19 09:24:19'),('556','e','치즈떡복이','3','17000','2023-01-19 09:24:19'),('556','e','참치김밥','1','11000','2023-01-19 09:24:19'),('556','e','참치김치찌개','1','18000','2023-01-19 09:24:19'),('556','e','떡복이','3','15000','2023-01-19 09:24:19'),('556','e','돼지김치찌개','3','14000','2023-01-19 09:24:19'),('566','u','참치김밥','2','11000','2023-01-19 09:24:33'),('566','u','참치김치찌개','3','18000','2023-01-19 09:24:33'),('566','u','라볶이','1','17000','2023-01-19 09:24:33'),('566','u','치즈떡복이','2','17000','2023-01-19 09:24:33'),('566','u','떡복이','2','15000','2023-01-19 09:24:33'),('566','u','김밥','3','9000','2023-01-19 09:24:33'),('569','t','김밥','1','9000','2023-01-19 09:24:44'),('569','t','참치김밥','3','11000','2023-01-19 09:24:44'),('569','t','치즈떡복이','3','17000','2023-01-19 09:24:44'),('569','t','돼지김치찌개','3','14000','2023-01-19 09:24:44'),('569','t','떡복이','2','15000','2023-01-19 09:24:44'),('569','t','참치김치찌개','3','18000','2023-01-19 09:24:44'),('569','t','치즈김밥','2','11000','2023-01-19 09:24:44'),('570','u','라볶이','1','17000','2023-01-19 09:24:56'),('572','u','참치김밥','1','11000','2023-01-19 09:25:10'),('572','u','치즈김밥','1','11000','2023-01-19 09:25:10'),('572','u','떡복이','3','15000','2023-01-19 09:25:10'),('573','w','참치김치찌개','2','18000','2023-01-19 09:25:22'),('573','w','돼지김치찌개','3','14000','2023-01-19 09:25:22'),('573','w','라볶이','2','17000','2023-01-19 09:25:22'),('573','w','치즈떡복이','3','17000','2023-01-19 09:25:22'),('573','w','치즈김밥','2','11000','2023-01-19 09:25:22'),('573','w','참치김밥','2','11000','2023-01-19 09:25:22'),('573','w','떡복이','3','15000','2023-01-19 09:25:22'),('573','w','김밥','2','9000','2023-01-19 09:25:22'),('574','t','돼지김치찌개','3','14000','2023-01-19 10:33:09'),('574','t','치즈떡복이','1','17000','2023-01-19 10:33:09'),('574','t','라볶이','2','17000','2023-01-19 10:33:09'),('574','t','김밥','2','9000','2023-01-19 10:33:09'),('574','t','참치김밥','3','11000','2023-01-19 10:33:09'),('574','t','떡복이','1','15000','2023-01-19 10:33:09'),('574','t','참치김치찌개','2','18000','2023-01-19 10:33:09'),('584','e','떡복이','2','15000','2023-01-19 10:33:21'),('584','e','치즈떡복이','1','17000','2023-01-19 10:33:21'),('584','e','참치김치찌개','1','18000','2023-01-19 10:33:21'),('584','e','김밥','3','9000','2023-01-19 10:33:21'),('584','e','치즈김밥','1','11000','2023-01-19 10:33:21'),('584','e','참치김밥','3','11000','2023-01-19 10:33:21'),('584','e','돼지김치찌개','1','14000','2023-01-19 10:33:21'),('585','qq','돼지김치찌개','1','14000','2023-01-19 10:33:40'),('585','qq','참치김치찌개','3','18000','2023-01-19 10:33:40'),('587','r','참치김치찌개','1','18000','2023-01-19 10:33:51'),('588','qq','라볶이','2','17000','2023-01-19 10:34:06'),('588','qq','참치김치찌개','3','18000','2023-01-19 10:34:07'),('588','qq','돼지김치찌개','2','14000','2023-01-19 10:34:07'),('588','qq','참치김밥','2','11000','2023-01-19 10:34:07'),('588','qq','김밥','2','9000','2023-01-19 10:34:07'),('588','qq','치즈떡복이','1','17000','2023-01-19 10:34:07'),('592','a','치즈떡복이','2','17000','2023-01-19 10:34:35'),('592','a','참치김치찌개','3','18000','2023-01-19 10:34:35'),('592','a','참치김밥','3','11000','2023-01-19 10:34:35'),('592','a','김밥','3','9000','2023-01-19 10:34:35'),('592','a','떡복이','1','15000','2023-01-19 10:34:35'),('592','a','치즈김밥','1','11000','2023-01-19 10:34:35'),('592','a','돼지김치찌개','1','14000','2023-01-19 10:34:35'),('598','r','김밥','2','9000','2023-01-19 10:34:47'),('600','u','참치김밥','2','11000','2023-01-19 10:35:06'),('600','u','김밥','1','9000','2023-01-19 10:35:06'),('600','u','라볶이','1','17000','2023-01-19 10:35:06'),('600','u','돼지김치찌개','3','14000','2023-01-19 10:35:06'),('600','u','참치김치찌개','2','18000','2023-01-19 10:35:06'),('600','u','치즈김밥','3','11000','2023-01-19 10:35:06'),('600','u','치즈떡복이','1','17000','2023-01-19 10:35:06'),('606','a','떡복이','1','15000','2023-01-19 10:35:41'),('606','a','참치김밥','2','11000','2023-01-19 10:35:41'),('606','a','치즈김밥','1','11000','2023-01-19 10:35:41'),('606','a','라볶이','2','17000','2023-01-19 10:35:41'),('606','a','치즈떡복이','2','17000','2023-01-19 10:35:41'),('607','w','참치김치찌개','3','18000','2023-01-19 10:35:52'),('607','w','떡복이','2','15000','2023-01-19 10:35:52'),('607','w','김밥','1','9000','2023-01-19 10:35:52'),('607','w','라볶이','2','17000','2023-01-19 10:35:52'),('607','w','돼지김치찌개','3','14000','2023-01-19 10:35:52'),('607','w','참치김밥','2','11000','2023-01-19 10:35:52'),('607','w','치즈김밥','1','11000','2023-01-19 10:35:52'),('607','w','치즈떡복이','1','17000','2023-01-19 10:35:52'),('612','w','참치김치찌개','3','18000','2023-01-19 10:36:03'),('613','a','떡복이','2','15000','2023-01-19 10:36:17'),('613','a','치즈김밥','1','11000','2023-01-19 10:36:17'),('613','a','김밥','3','9000','2023-01-19 10:36:17'),('614','e','김밥','1','9000','2023-01-19 10:36:29'),('614','e','치즈떡복이','3','17000','2023-01-19 10:36:29'),('614','e','참치김치찌개','2','18000','2023-01-19 10:36:29'),('614','e','떡복이','2','15000','2023-01-19 10:36:29'),('614','e','치즈김밥','3','11000','2023-01-19 10:36:29'),('617','u','떡복이','3','15000','2023-01-19 10:36:40'),('617','u','참치김밥','1','11000','2023-01-19 10:36:40'),('617','u','치즈떡복이','1','17000','2023-01-19 10:36:40'),('617','u','치즈김밥','2','11000','2023-01-19 10:36:40'),('617','u','라볶이','2','17000','2023-01-19 10:36:40'),('619','t','김밥','3','9000','2023-01-19 10:36:51'),('619','t','라볶이','1','17000','2023-01-19 10:36:51'),('624','e','참치김치찌개','3','18000','2023-01-19 10:37:02'),('624','e','김밥','3','9000','2023-01-19 10:37:02'),('629','t','라볶이','2','17000','2023-01-19 10:37:14'),('632','y','김밥','3','9000','2023-01-19 10:37:26'),('632','y','참치김밥','3','11000','2023-01-19 10:37:26'),('632','y','치즈떡복이','1','17000','2023-01-19 10:37:26'),('634','a','돼지김치찌개','3','14000','2023-01-19 10:37:38'),('636','a','참치김치찌개','3','18000','2023-01-19 10:37:50'),('640','w','라볶이','2','17000','2023-01-19 10:38:01'),('640','w','떡복이','2','15000','2023-01-19 10:38:01'),('641','a','참치김치찌개','3','18000','2023-01-19 10:38:12'),('642','w','김밥','1','9000','2023-01-19 10:38:24'),('642','w','참치김치찌개','1','18000','2023-01-19 10:38:24'),('642','w','참치김밥','1','11000','2023-01-19 10:38:24'),('642','w','치즈떡복이','2','17000','2023-01-19 10:38:24'),('642','w','떡복이','1','15000','2023-01-19 10:38:24'),('642','w','치즈김밥','2','11000','2023-01-19 10:38:24'),('643','qq','라볶이','1','17000','2023-01-19 10:38:38'),('643','qq','돼지김치찌개','2','14000','2023-01-19 10:38:38'),('643','qq','참치김밥','1','11000','2023-01-19 10:38:38'),('643','qq','치즈김밥','1','11000','2023-01-19 10:38:38'),('643','qq','김밥','3','9000','2023-01-19 10:38:38'),('643','qq','참치김치찌개','1','18000','2023-01-19 10:38:38'),('643','qq','떡복이','3','15000','2023-01-19 10:38:38'),('651','qq','돼지김치찌개','1','14000','2023-01-19 10:38:51'),('651','qq','참치김치찌개','1','18000','2023-01-19 10:38:51'),('651','qq','참치김밥','2','11000','2023-01-19 10:38:51'),('653','e','돼지김치찌개','2','14000','2023-01-19 10:39:04'),('653','e','치즈떡복이','2','17000','2023-01-19 10:39:04'),('653','e','치즈김밥','3','11000','2023-01-19 10:39:04'),('653','e','김밥','3','9000','2023-01-19 10:39:04'),('653','e','참치김치찌개','2','18000','2023-01-19 10:39:04'),('653','e','떡복이','1','15000','2023-01-19 10:39:04'),('653','e','참치김밥','3','11000','2023-01-19 10:39:04'),('655','e','참치김치찌개','1','18000','2023-01-19 10:39:16'),('655','e','참치김밥','1','11000','2023-01-19 10:39:16'),('655','e','돼지김치찌개','3','14000','2023-01-19 10:39:16'),('655','e','떡복이','3','15000','2023-01-19 10:39:16'),('655','e','라볶이','3','17000','2023-01-19 10:39:16'),('655','e','치즈김밥','3','11000','2023-01-19 10:39:16'),('655','e','김밥','1','9000','2023-01-19 10:39:16'),('655','e','치즈떡복이','1','17000','2023-01-19 10:39:16'),('663','qq','치즈김밥','3','11000','2023-01-19 10:39:26'),('663','qq','치즈떡복이','3','17000','2023-01-19 10:39:26'),('663','qq','라볶이','3','17000','2023-01-19 10:39:26'),('667','t','치즈떡복이','3','17000','2023-01-19 10:39:38'),('667','t','떡복이','3','15000','2023-01-19 10:39:38'),('667','t','참치김밥','3','11000','2023-01-19 10:39:38'),('667','t','김밥','2','9000','2023-01-19 10:39:38'),('667','t','돼지김치찌개','2','14000','2023-01-19 10:39:38'),('667','t','참치김치찌개','3','18000','2023-01-19 10:39:38'),('667','t','치즈김밥','2','11000','2023-01-19 10:39:38'),('667','t','라볶이','2','17000','2023-01-19 10:39:38'),('668','r','치즈김밥','2','11000','2023-01-19 10:39:49'),('668','r','치즈떡복이','3','17000','2023-01-19 10:39:49'),('668','r','떡복이','2','15000','2023-01-19 10:39:49'),('668','r','돼지김치찌개','2','14000','2023-01-19 10:39:49'),('670','u','라볶이','2','17000','2023-01-19 10:40:00'),('670','u','돼지김치찌개','1','14000','2023-01-19 10:40:00'),('670','u','떡복이','1','15000','2023-01-19 10:40:00'),('670','u','치즈김밥','3','11000','2023-01-19 10:40:00'),('670','u','참치김치찌개','2','18000','2023-01-19 10:40:00'),('676','r','떡복이','1','15000','2023-01-19 11:10:15'),('676','r','치즈떡복이','3','17000','2023-01-19 11:10:15'),('677','e','김밥','2','9000','2023-01-19 11:10:40'),('679','u','떡복이','3','15000','2023-01-19 11:11:21'),('679','u','참치김밥','1','11000','2023-01-19 11:11:21'),('679','u','김밥','2','9000','2023-01-19 11:11:21'),('683','a','치즈김밥','3','11000','2023-01-19 11:11:51'),('684','e','치즈떡복이','2','17000','2023-01-19 11:12:01'),('684','e','치즈김밥','3','11000','2023-01-19 11:12:01'),('684','e','김밥','3','9000','2023-01-19 11:12:01'),('684','e','참치김밥','2','11000','2023-01-19 11:12:01'),('684','e','참치김치찌개','2','18000','2023-01-19 11:12:01'),('684','e','떡복이','3','15000','2023-01-19 11:12:01'),('684','e','라볶이','3','17000','2023-01-19 11:12:01'),('684','e','돼지김치찌개','3','14000','2023-01-19 11:12:01'),('687','a','돼지김치찌개','2','14000','2023-01-19 11:12:14'),('687','a','떡복이','1','15000','2023-01-19 11:12:14'),('687','a','참치김밥','3','11000','2023-01-19 11:12:14'),('687','a','참치김치찌개','3','18000','2023-01-19 11:12:14'),('687','a','치즈떡복이','1','17000','2023-01-19 11:12:14'),('687','a','치즈김밥','1','11000','2023-01-19 11:12:14'),('692','y','떡복이','1','15000','2023-01-19 11:12:25'),('692','y','치즈떡복이','2','17000','2023-01-19 11:12:25'),('692','y','김밥','3','9000','2023-01-19 11:12:25'),('693','e','돼지김치찌개','2','14000','2023-01-19 11:12:37'),('696','w','치즈김밥','2','11000','2023-01-19 11:12:48'),('696','w','라볶이','3','17000','2023-01-19 11:12:48'),('696','w','돼지김치찌개','2','14000','2023-01-19 11:12:48'),('696','w','참치김치찌개','2','18000','2023-01-19 11:12:48'),('696','w','치즈떡복이','3','17000','2023-01-19 11:12:48'),('696','w','참치김밥','1','11000','2023-01-19 11:12:48'),('701','y','돼지김치찌개','2','14000','2023-01-19 11:13:01'),('703','a','떡복이','3','15000','2023-01-19 11:13:15'),('703','a','김밥','2','9000','2023-01-19 11:13:15'),('703','a','돼지김치찌개','2','14000','2023-01-19 11:13:15'),('703','a','라볶이','1','17000','2023-01-19 11:13:15'),('703','a','참치김밥','1','11000','2023-01-19 11:13:15'),('703','a','참치김치찌개','1','18000','2023-01-19 11:13:15'),('703','a','치즈김밥','2','11000','2023-01-19 11:13:15'),('705','t','김밥','2','9000','2023-01-19 11:13:26'),('706','e','치즈김밥','3','11000','2023-01-19 11:13:37'),('706','e','치즈떡복이','2','17000','2023-01-19 11:13:37'),('706','e','떡복이','2','15000','2023-01-19 11:13:37'),('706','e','김밥','1','9000','2023-01-19 11:13:37'),('706','e','돼지김치찌개','1','14000','2023-01-19 11:13:37'),('710','a','참치김밥','3','11000','2023-01-19 11:13:50'),('711','a','돼지김치찌개','3','14000','2023-01-19 11:14:03'),('711','a','라볶이','1','17000','2023-01-19 11:14:03'),('711','a','참치김치찌개','2','18000','2023-01-19 11:14:03'),('711','a','치즈떡복이','3','17000','2023-01-19 11:14:03'),('711','a','참치김밥','3','11000','2023-01-19 11:14:03'),('714','w','치즈떡복이','3','17000','2023-01-19 11:14:14'),('714','w','김밥','3','9000','2023-01-19 11:14:14'),('714','w','참치김밥','3','11000','2023-01-19 11:14:14'),('718','u','김밥','3','9000','2023-01-19 11:14:25'),('718','u','돼지김치찌개','2','14000','2023-01-19 11:14:25'),('718','u','참치김치찌개','3','18000','2023-01-19 11:14:25'),('718','u','라볶이','3','17000','2023-01-19 11:14:25'),('718','u','치즈떡복이','2','17000','2023-01-19 11:14:25'),('718','u','떡복이','1','15000','2023-01-19 11:14:25'),('718','u','참치김밥','3','11000','2023-01-19 11:14:25'),('718','u','치즈김밥','2','11000','2023-01-19 11:14:25'),('726','u','치즈김밥','2','11000','2023-01-19 11:14:38'),('727','r','돼지김치찌개','2','14000','2023-01-19 11:14:52'),('727','r','라볶이','3','17000','2023-01-19 11:14:52'),('727','r','떡복이','1','15000','2023-01-19 11:14:52'),('727','r','참치김치찌개','2','18000','2023-01-19 11:14:52'),('727','r','치즈떡복이','2','17000','2023-01-19 11:14:52'),('727','r','참치김밥','3','11000','2023-01-19 11:14:52'),('727','r','치즈김밥','1','11000','2023-01-19 11:14:52'),('731','e','참치김밥','3','11000','2023-01-19 11:15:07'),('731','e','김밥','3','9000','2023-01-19 11:15:07'),('731','e','치즈김밥','2','11000','2023-01-19 11:15:07'),('731','e','떡복이','3','15000','2023-01-19 11:15:07'),('731','e','라볶이','2','17000','2023-01-19 11:15:07'),('736','t','치즈김밥','1','11000','2023-01-19 11:15:22'),('736','t','라볶이','3','17000','2023-01-19 11:15:22'),('737','r','참치김밥','1','11000','2023-01-19 11:15:34'),('737','r','참치김치찌개','1','18000','2023-01-19 11:15:34'),('737','r','김밥','1','9000','2023-01-19 11:15:34'),('737','r','돼지김치찌개','3','14000','2023-01-19 11:15:34'),('737','r','떡복이','3','15000','2023-01-19 11:15:34'),('737','r','라볶이','2','17000','2023-01-19 11:15:34'),('739','y','치즈떡복이','1','17000','2023-01-19 11:15:49'),('739','y','돼지김치찌개','1','14000','2023-01-19 11:15:49'),('739','y','김밥','3','9000','2023-01-19 11:15:49'),('739','y','치즈김밥','1','11000','2023-01-19 11:15:49'),('741','r','참치김밥','1','11000','2023-01-19 11:16:03'),('741','r','참치김치찌개','1','18000','2023-01-19 11:16:03'),('741','r','떡복이','3','15000','2023-01-19 11:16:03'),('741','r','치즈김밥','2','11000','2023-01-19 11:16:03'),('741','r','라볶이','2','17000','2023-01-19 11:16:03'),('741','r','돼지김치찌개','1','14000','2023-01-19 11:16:03'),('741','r','치즈떡복이','2','17000','2023-01-19 11:16:03'),('741','r','김밥','2','9000','2023-01-19 11:16:03'),('744','r','치즈김밥','2','11000','2023-01-19 11:16:16'),('744','r','돼지김치찌개','3','14000','2023-01-19 11:16:16'),('744','r','참치김밥','2','11000','2023-01-19 11:16:16'),('744','r','떡복이','2','15000','2023-01-19 11:16:16'),('744','r','참치김치찌개','1','18000','2023-01-19 11:16:16'),('752','qq','참치김치찌개','1','18000','2023-01-19 11:16:27'),('752','qq','치즈김밥','3','11000','2023-01-19 11:16:27'),('752','qq','라볶이','3','17000','2023-01-19 11:16:27'),('752','qq','김밥','3','9000','2023-01-19 11:16:27'),('756','u','떡복이','2','15000','2023-01-19 11:16:41'),('756','u','참치김밥','1','11000','2023-01-19 11:16:41'),('756','u','치즈떡복이','3','17000','2023-01-19 11:16:41'),('756','u','김밥','2','9000','2023-01-19 11:16:41'),('756','u','라볶이','3','17000','2023-01-19 11:16:41'),('756','u','참치김치찌개','1','18000','2023-01-19 11:16:41'),('756','u','치즈김밥','1','11000','2023-01-19 11:16:41'),('759','e','돼지김치찌개','1','14000','2023-01-19 11:16:54'),('759','e','참치김치찌개','1','18000','2023-01-19 11:16:54'),('759','e','치즈김밥','2','11000','2023-01-19 11:16:54'),('759','e','치즈떡복이','3','17000','2023-01-19 11:16:54'),('759','e','떡복이','2','15000','2023-01-19 11:16:54'),('759','e','라볶이','1','17000','2023-01-19 11:16:54'),('761','r','김밥','1','9000','2023-01-19 11:17:05'),('761','r','라볶이','3','17000','2023-01-19 11:17:05'),('761','r','떡복이','3','15000','2023-01-19 11:17:05'),('761','r','참치김치찌개','2','18000','2023-01-19 11:17:05'),('761','r','참치김밥','3','11000','2023-01-19 11:17:05'),('761','r','치즈김밥','2','11000','2023-01-19 11:17:05'),('761','r','치즈떡복이','2','17000','2023-01-19 11:17:05'),('761','r','돼지김치찌개','1','14000','2023-01-19 11:17:05'),('765','w','떡복이','1','15000','2023-01-19 11:17:17'),('765','w','김밥','3','9000','2023-01-19 11:17:17'),('765','w','라볶이','2','17000','2023-01-19 11:17:17'),('765','w','치즈김밥','1','11000','2023-01-19 11:17:17'),('765','w','치즈떡복이','2','17000','2023-01-19 11:17:17'),('765','w','참치김치찌개','1','18000','2023-01-19 11:17:17'),('768','qq','라볶이','1','17000','2023-01-19 11:17:27'),('768','qq','참치김치찌개','2','18000','2023-01-19 11:17:27'),('768','qq','치즈김밥','2','11000','2023-01-19 11:17:27'),('768','qq','참치김밥','2','11000','2023-01-19 11:17:27'),('773','w','치즈김밥','2','11000','2023-01-19 11:17:41'),('773','w','라볶이','1','17000','2023-01-19 11:17:41'),('773','w','떡복이','3','15000','2023-01-19 11:17:41'),('773','w','치즈떡복이','2','17000','2023-01-19 11:17:41'),('773','w','참치김치찌개','2','18000','2023-01-19 11:17:41'),('773','w','돼지김치찌개','1','14000','2023-01-19 11:17:41'),('778','a','돼지김치찌개','2','14000','2023-01-19 11:17:55'),('778','a','라볶이','1','17000','2023-01-19 11:17:55'),('778','a','참치김밥','3','11000','2023-01-19 11:17:55'),('778','a','치즈떡복이','2','17000','2023-01-19 11:17:55'),('778','a','떡복이','3','15000','2023-01-19 11:17:55'),('778','a','참치김치찌개','3','18000','2023-01-19 11:17:55'),('778','a','치즈김밥','3','11000','2023-01-19 11:17:55'),('778','a','김밥','2','9000','2023-01-19 11:17:55'),('783','a','떡복이','1','15000','2023-01-19 11:18:07'),('784','e','라볶이','2','17000','2023-01-19 11:18:19'),('784','e','김밥','1','9000','2023-01-19 11:18:19'),('784','e','참치김밥','1','11000','2023-01-19 11:18:19'),('784','e','치즈떡복이','1','17000','2023-01-19 11:18:19'),('784','e','돼지김치찌개','2','14000','2023-01-19 11:18:19'),('784','e','떡복이','2','15000','2023-01-19 11:18:19'),('788','t','라볶이','3','17000','2023-01-19 11:18:32'),('788','t','치즈김밥','1','11000','2023-01-19 11:18:32'),('788','t','돼지김치찌개','3','14000','2023-01-19 11:18:32'),('788','t','치즈떡복이','2','17000','2023-01-19 11:18:32'),('788','t','김밥','3','9000','2023-01-19 11:18:32'),('788','t','참치김치찌개','2','18000','2023-01-19 11:18:32'),('788','t','참치김밥','2','11000','2023-01-19 11:18:32'),('788','t','떡복이','2','15000','2023-01-19 11:18:32'),('792','e','라볶이','3','17000','2023-01-19 11:18:47'),('792','e','김밥','1','9000','2023-01-19 11:18:47'),('792','e','떡복이','1','15000','2023-01-19 11:18:47'),('792','e','치즈떡복이','2','17000','2023-01-19 11:18:47'),('792','e','참치김치찌개','3','18000','2023-01-19 11:18:47'),('797','qq','치즈떡복이','2','17000','2023-01-19 11:18:59'),('797','qq','참치김치찌개','1','18000','2023-01-19 11:18:59'),('797','qq','치즈김밥','3','11000','2023-01-19 11:18:59'),('797','qq','돼지김치찌개','2','14000','2023-01-19 11:18:59'),('797','qq','김밥','3','9000','2023-01-19 11:18:59'),('797','qq','떡복이','2','15000','2023-01-19 11:18:59'),('799','qq','떡복이','2','15000','2023-01-19 11:19:11'),('799','qq','치즈김밥','2','11000','2023-01-19 11:19:11'),('799','qq','라볶이','3','17000','2023-01-19 11:19:11'),('799','qq','김밥','2','9000','2023-01-19 11:19:11'),('803','r','떡복이','1','15000','2023-01-19 11:19:25'),('803','r','치즈김밥','3','11000','2023-01-19 11:19:25'),('803','r','김밥','3','9000','2023-01-19 11:19:25'),('803','r','참치김밥','2','11000','2023-01-19 11:19:25'),('804','t','돼지김치찌개','3','14000','2023-01-19 11:19:38'),('804','t','참치김치찌개','1','18000','2023-01-19 11:19:38'),('804','t','치즈김밥','1','11000','2023-01-19 11:19:38'),('804','t','떡복이','3','15000','2023-01-19 11:19:38'),('804','t','라볶이','1','17000','2023-01-19 11:19:38'),('809','r','치즈떡복이','3','17000','2023-01-19 11:19:48'),('809','r','라볶이','1','17000','2023-01-19 11:19:48'),('809','r','돼지김치찌개','3','14000','2023-01-19 11:19:48'),('809','r','참치김치찌개','3','18000','2023-01-19 11:19:48'),('809','r','치즈김밥','3','11000','2023-01-19 11:19:48'),('809','r','김밥','2','9000','2023-01-19 11:19:48'),('809','r','참치김밥','2','11000','2023-01-19 11:19:48'),('809','r','떡복이','3','15000','2023-01-19 11:19:48'),('812','a','치즈김밥','1','11000','2023-01-19 11:19:59'),('812','a','떡복이','2','15000','2023-01-19 11:19:59'),('812','a','참치김치찌개','3','18000','2023-01-19 11:19:59'),('816','y','라볶이','2','17000','2023-01-19 11:20:13'),('816','y','치즈김밥','3','11000','2023-01-19 11:20:13'),('816','y','참치김치찌개','3','18000','2023-01-19 11:20:13'),('816','y','돼지김치찌개','3','14000','2023-01-19 11:20:13'),('819','r','참치김밥','2','11000','2023-01-19 11:20:24'),('819','r','라볶이','3','17000','2023-01-19 11:20:24'),('819','r','참치김치찌개','2','18000','2023-01-19 11:20:24'),('819','r','떡복이','3','15000','2023-01-19 11:20:24'),('819','r','치즈떡복이','1','17000','2023-01-19 11:20:24'),('822','u','떡복이','2','15000','2023-01-19 11:20:39'),('822','u','참치김치찌개','1','18000','2023-01-19 11:20:39'),('822','u','치즈김밥','3','11000','2023-01-19 11:20:39'),('822','u','김밥','3','9000','2023-01-19 11:20:39'),('822','u','참치김밥','2','11000','2023-01-19 11:20:39'),('822','u','돼지김치찌개','2','14000','2023-01-19 11:20:39'),('822','u','라볶이','2','17000','2023-01-19 11:20:39'),('822','u','치즈떡복이','1','17000','2023-01-19 11:20:39'),('830','t','참치김밥','3','11000','2023-01-19 11:20:51'),('830','t','떡복이','1','15000','2023-01-19 11:20:51'),('830','t','치즈김밥','1','11000','2023-01-19 11:20:51'),('830','t','김밥','2','9000','2023-01-19 11:20:51'),('831','a','참치김밥','3','11000','2023-01-19 11:21:02'),('831','a','치즈떡복이','3','17000','2023-01-19 11:21:02'),('831','a','돼지김치찌개','2','14000','2023-01-19 11:21:02'),('833','qq','참치김치찌개','2','18000','2023-01-19 11:21:15'),('833','qq','치즈떡복이','1','17000','2023-01-19 11:21:15'),('836','r','라볶이','2','17000','2023-01-19 11:21:29'),('836','r','치즈김밥','1','11000','2023-01-19 11:21:29'),('836','r','돼지김치찌개','2','14000','2023-01-19 11:21:29'),('836','r','김밥','1','9000','2023-01-19 11:21:29'),('839','u','떡복이','2','15000','2023-01-19 11:21:43'),('839','u','김밥','2','9000','2023-01-19 11:21:43'),('839','u','치즈떡복이','2','17000','2023-01-19 11:21:43'),('839','u','치즈김밥','1','11000','2023-01-19 11:21:43'),('839','u','참치김밥','1','11000','2023-01-19 11:21:43'),('839','u','라볶이','1','17000','2023-01-19 11:21:43'),('839','u','참치김치찌개','1','18000','2023-01-19 11:21:43'),('839','u','돼지김치찌개','1','14000','2023-01-19 11:21:43'),('847','u','라볶이','3','17000','2023-01-19 11:21:58'),('847','u','떡복이','1','15000','2023-01-19 11:21:58'),('847','u','참치김치찌개','2','18000','2023-01-19 11:21:58'),('847','u','김밥','1','9000','2023-01-19 11:21:58'),('847','u','돼지김치찌개','2','14000','2023-01-19 11:21:58'),('847','u','치즈떡복이','3','17000','2023-01-19 11:21:58'),('850','t','참치김치찌개','2','18000','2023-01-19 11:23:04'),('850','t','치즈떡복이','2','17000','2023-01-19 11:23:04'),('850','t','참치김밥','1','11000','2023-01-19 11:23:04'),('850','t','떡복이','3','15000','2023-01-19 11:23:04'),('850','t','치즈김밥','1','11000','2023-01-19 11:23:04'),('850','t','김밥','2','9000','2023-01-19 11:23:04'),('850','t','돼지김치찌개','3','14000','2023-01-19 11:23:04'),('850','t','라볶이','1','17000','2023-01-19 11:23:04'),('854','e','치즈김밥','3','11000','2023-01-19 11:23:16'),('854','e','라볶이','2','17000','2023-01-19 11:23:16'),('854','e','참치김치찌개','3','18000','2023-01-19 11:23:16'),('854','e','김밥','1','9000','2023-01-19 11:23:16'),('854','e','치즈떡복이','1','17000','2023-01-19 11:23:16'),('854','e','참치김밥','2','11000','2023-01-19 11:23:16'),('856','u','치즈김밥','2','11000','2023-01-19 11:23:26'),('856','u','참치김밥','2','11000','2023-01-19 11:23:26'),('856','u','라볶이','1','17000','2023-01-19 11:23:26'),('856','u','참치김치찌개','1','18000','2023-01-19 11:23:26'),('856','u','김밥','1','9000','2023-01-19 11:23:26'),('856','u','돼지김치찌개','3','14000','2023-01-19 11:23:26'),('856','u','치즈떡복이','3','17000','2023-01-19 11:23:26'),('862','e','치즈김밥','1','11000','2023-01-19 11:23:39'),('862','e','참치김밥','3','11000','2023-01-19 11:23:39'),('862','e','라볶이','1','17000','2023-01-19 11:23:39'),('862','e','참치김치찌개','2','18000','2023-01-19 11:23:39'),('862','e','떡복이','2','15000','2023-01-19 11:23:39'),('867','e','라볶이','3','17000','2023-01-19 11:23:52'),('867','e','김밥','1','9000','2023-01-19 11:23:52'),('867','e','떡복이','2','15000','2023-01-19 11:23:52'),('868','w','라볶이','3','17000','2023-01-19 11:24:00'),('868','w','참치김밥','1','11000','2023-01-19 11:24:00'),('871','t','치즈떡복이','1','17000','2023-01-19 11:24:15'),('872','r','김밥','3','9000','2023-01-19 11:24:25'),('873','qq','돼지김치찌개','2','14000','2023-01-19 11:24:37'),('873','qq','김밥','2','9000','2023-01-19 11:24:37'),('873','qq','치즈김밥','1','11000','2023-01-19 11:24:37'),('875','r','치즈김밥','2','11000','2023-01-19 11:24:51'),('875','r','참치김치찌개','1','18000','2023-01-19 11:24:51'),('876','u','치즈김밥','1','11000','2023-01-19 11:25:27'),('876','u','치즈떡복이','2','17000','2023-01-19 11:25:27'),('876','u','김밥','1','9000','2023-01-19 11:25:27'),('876','u','떡복이','2','15000','2023-01-19 11:25:27'),('880','u','떡복이','1','15000','2023-01-19 11:27:06'),('880','u','치즈김밥','2','11000','2023-01-19 11:27:07'),('880','u','참치김밥','2','11000','2023-01-19 11:27:07'),('880','u','돼지김치찌개','3','14000','2023-01-19 11:27:07'),('880','u','참치김치찌개','1','18000','2023-01-19 11:27:07'),('880','u','치즈떡복이','3','17000','2023-01-19 11:27:07'),('880','u','김밥','1','9000','2023-01-19 11:27:07'),('883','u','참치김치찌개','1','18000','2023-01-19 11:28:50'),('883','u','떡복이','2','15000','2023-01-19 11:28:50'),('883','u','라볶이','2','17000','2023-01-19 11:28:50'),('883','u','치즈김밥','3','11000','2023-01-19 11:28:50'),('883','u','김밥','3','9000','2023-01-19 11:28:51'),('883','u','치즈떡복이','1','17000','2023-01-19 11:28:51'),('887','y','김밥','1','9000','2023-01-19 11:29:13'),('887','y','치즈떡복이','2','17000','2023-01-19 11:29:13'),('887','y','돼지김치찌개','3','14000','2023-01-19 11:29:13'),('888','qq','치즈김밥','3','11000','2023-01-19 11:29:27'),('888','qq','치즈떡복이','1','17000','2023-01-19 11:29:27'),('888','qq','참치김밥','1','11000','2023-01-19 11:29:27'),('888','qq','참치김치찌개','1','18000','2023-01-19 11:29:27'),('888','qq','김밥','1','9000','2023-01-19 11:29:27'),('888','qq','돼지김치찌개','2','14000','2023-01-19 11:29:27'),('891','a','라볶이','2','17000','2023-01-19 11:29:40'),('892','e','돼지김치찌개','1','14000','2023-01-19 11:29:51'),('892','e','치즈떡복이','2','17000','2023-01-19 11:29:51'),('892','e','떡복이','2','15000','2023-01-19 11:29:51'),('893','e','치즈떡복이','1','17000','2023-01-19 11:30:05'),('894','r','참치김밥','1','11000','2023-01-19 11:30:19'),('894','r','참치김치찌개','1','18000','2023-01-19 11:30:19'),('894','r','치즈떡복이','1','17000','2023-01-19 11:30:19'),('895','y','참치김밥','2','11000','2023-01-19 11:30:33'),('895','y','라볶이','1','17000','2023-01-19 11:30:33'),('895','y','치즈김밥','3','11000','2023-01-19 11:30:33'),('895','y','치즈떡복이','2','17000','2023-01-19 11:30:33'),('895','y','김밥','3','9000','2023-01-19 11:30:33'),('895','y','돼지김치찌개','3','14000','2023-01-19 11:30:33'),('901','a','참치김치찌개','1','18000','2023-01-19 11:30:47'),('904','t','떡복이','1','15000','2023-01-19 11:30:58'),('904','t','치즈김밥','1','11000','2023-01-19 11:30:58'),('905','e','치즈떡복이','2','17000','2023-01-19 11:31:10'),('906','y','참치김밥','2','11000','2023-01-19 11:31:23'),('906','y','떡복이','2','15000','2023-01-19 11:31:23'),('906','y','김밥','2','9000','2023-01-19 11:31:23'),('906','y','치즈떡복이','2','17000','2023-01-19 11:31:23'),('906','y','참치김치찌개','3','18000','2023-01-19 11:31:23'),('908','r','떡복이','1','15000','2023-01-19 11:31:37'),('908','r','참치김치찌개','3','18000','2023-01-19 11:31:37'),('908','r','치즈김밥','3','11000','2023-01-19 11:31:37'),('908','r','치즈떡복이','1','17000','2023-01-19 11:31:37'),('913','y','치즈김밥','3','11000','2023-01-19 11:31:47'),('913','y','참치김밥','1','11000','2023-01-19 11:31:47'),('913','y','돼지김치찌개','2','14000','2023-01-19 11:31:47'),('913','y','라볶이','3','17000','2023-01-19 11:31:47'),('913','y','김밥','1','9000','2023-01-19 11:31:47'),('913','y','치즈떡복이','3','17000','2023-01-19 11:31:47'),('913','y','참치김치찌개','1','18000','2023-01-19 11:31:47'),('913','y','떡복이','2','15000','2023-01-19 11:31:47'),('917','t','라볶이','3','17000','2023-01-19 11:32:02'),('917','t','김밥','2','9000','2023-01-19 11:32:02'),('917','t','참치김치찌개','3','18000','2023-01-19 11:32:02'),('917','t','참치김밥','1','11000','2023-01-19 11:32:02'),('917','t','치즈김밥','3','11000','2023-01-19 11:32:02'),('917','t','떡복이','3','15000','2023-01-19 11:32:02'),('922','a','참치김치찌개','2','18000','2023-01-19 11:32:17'),('923','t','치즈김밥','3','11000','2023-01-19 11:32:28'),('923','t','치즈떡복이','3','17000','2023-01-19 11:32:28'),('924','a','참치김밥','2','11000','2023-01-19 11:32:41'),('924','a','치즈김밥','3','11000','2023-01-19 11:32:41'),('926','a','돼지김치찌개','3','14000','2023-01-19 11:32:55'),('926','a','참치김치찌개','1','18000','2023-01-19 11:32:55'),('926','a','치즈떡복이','3','17000','2023-01-19 11:32:55'),('929','w','김밥','2','9000','2023-01-19 11:33:05'),('929','w','참치김밥','1','11000','2023-01-19 11:33:05'),('929','w','라볶이','3','17000','2023-01-19 11:33:05'),('929','w','치즈떡복이','2','17000','2023-01-19 11:33:05'),('929','w','돼지김치찌개','2','14000','2023-01-19 11:33:05'),('929','w','떡복이','1','15000','2023-01-19 11:33:05'),('929','w','참치김치찌개','2','18000','2023-01-19 11:33:05'),('935','y','돼지김치찌개','2','14000','2023-01-19 11:33:20'),('935','y','치즈떡복이','1','17000','2023-01-19 11:33:20'),('935','y','참치김밥','2','11000','2023-01-19 11:33:20'),('935','y','참치김치찌개','1','18000','2023-01-19 11:33:20'),('936','r','김밥','2','9000','2023-01-19 11:33:32'),('936','r','돼지김치찌개','2','14000','2023-01-19 11:33:32'),('939','u','참치김치찌개','3','18000','2023-01-19 11:33:45'),('939','u','김밥','2','9000','2023-01-19 11:33:45'),('939','u','라볶이','3','17000','2023-01-19 11:33:45'),('939','u','치즈떡복이','3','17000','2023-01-19 11:33:45'),('939','u','돼지김치찌개','2','14000','2023-01-19 11:33:45'),('942','a','치즈김밥','2','11000','2023-01-19 11:33:55'),('942','a','돼지김치찌개','2','14000','2023-01-19 11:33:55'),('942','a','김밥','2','9000','2023-01-19 11:33:55'),('942','a','참치김밥','3','11000','2023-01-19 11:33:55'),('942','a','참치김치찌개','2','18000','2023-01-19 11:33:55'),('951','t','떡복이','1','15000','2023-01-19 11:34:09'),('951','t','치즈김밥','3','11000','2023-01-19 11:34:09'),('951','t','참치김밥','1','11000','2023-01-19 11:34:09'),('951','t','돼지김치찌개','1','14000','2023-01-19 11:34:09'),('952','w','치즈김밥','1','11000','2023-01-19 11:34:21'),('952','w','참치김치찌개','3','18000','2023-01-19 11:34:21'),('954','y','치즈떡복이','1','17000','2023-01-19 11:34:32'),('954','y','참치김밥','2','11000','2023-01-19 11:34:32'),('954','y','치즈김밥','3','11000','2023-01-19 11:34:32'),('954','y','돼지김치찌개','1','14000','2023-01-19 11:34:32'),('955','e','참치김밥','3','11000','2023-01-19 11:34:46'),('955','e','돼지김치찌개','2','14000','2023-01-19 11:34:46'),('955','e','라볶이','3','17000','2023-01-19 11:34:46'),('963','t','떡복이','1','15000','2023-01-19 11:34:58'),('963','t','라볶이','1','17000','2023-01-19 11:34:58'),('963','t','참치김치찌개','3','18000','2023-01-19 11:34:58'),('963','t','치즈떡복이','2','17000','2023-01-19 11:34:58'),('963','t','돼지김치찌개','2','14000','2023-01-19 11:34:58'),('966','e','돼지김치찌개','2','14000','2023-01-19 11:35:12'),('966','e','라볶이','2','17000','2023-01-19 11:35:12'),('966','e','참치김치찌개','1','18000','2023-01-19 11:35:12'),('966','e','떡복이','3','15000','2023-01-19 11:35:12'),('966','e','참치김밥','2','11000','2023-01-19 11:35:12'),('966','e','치즈떡복이','3','17000','2023-01-19 11:35:12'),('966','e','치즈김밥','1','11000','2023-01-19 11:35:12'),('966','e','김밥','2','9000','2023-01-19 11:35:12'),('970','e','돼지김치찌개','3','14000','2023-01-19 11:35:25'),('970','e','치즈떡복이','1','17000','2023-01-19 11:35:25'),('970','e','참치김밥','3','11000','2023-01-19 11:35:25'),('970','e','치즈김밥','2','11000','2023-01-19 11:35:25'),('970','e','떡복이','2','15000','2023-01-19 11:35:25'),('970','e','라볶이','3','17000','2023-01-19 11:35:25'),('970','e','김밥','3','9000','2023-01-19 11:35:25'),('970','e','참치김치찌개','3','18000','2023-01-19 11:35:25'),('972','e','치즈떡복이','3','17000','2023-01-19 11:35:37'),('972','e','돼지김치찌개','1','14000','2023-01-19 11:35:37'),('972','e','참치김밥','2','11000','2023-01-19 11:35:37'),('972','e','참치김치찌개','2','18000','2023-01-19 11:35:37'),('972','e','라볶이','1','17000','2023-01-19 11:35:37'),('972','e','떡복이','1','15000','2023-01-19 11:35:37'),('972','e','김밥','3','9000','2023-01-19 11:35:37'),('979','y','떡복이','2','15000','2023-01-19 11:35:50'),('979','y','김밥','2','9000','2023-01-19 11:35:50'),('979','y','참치김밥','1','11000','2023-01-19 11:35:50'),('979','y','치즈떡복이','2','17000','2023-01-19 11:35:50'),('979','y','라볶이','2','17000','2023-01-19 11:35:50'),('979','y','돼지김치찌개','1','14000','2023-01-19 11:35:50'),('979','y','참치김치찌개','2','18000','2023-01-19 11:35:50'),('981','y','라볶이','3','17000','2023-01-19 11:36:05'),('981','y','돼지김치찌개','2','14000','2023-01-19 11:36:05'),('981','y','김밥','3','9000','2023-01-19 11:36:05'),('988','t','떡복이','3','15000','2023-01-19 11:36:17'),('988','t','돼지김치찌개','3','14000','2023-01-19 11:36:17'),('988','t','김밥','1','9000','2023-01-19 11:36:17'),('988','t','치즈김밥','2','11000','2023-01-19 11:36:17'),('988','t','참치김밥','3','11000','2023-01-19 11:36:17'),('988','t','참치김치찌개','1','18000','2023-01-19 11:36:17'),('988','t','라볶이','1','17000','2023-01-19 11:36:17'),('991','r','치즈떡복이','3','17000','2023-01-19 11:36:31'),('991','r','라볶이','1','17000','2023-01-19 11:36:31'),('991','r','돼지김치찌개','2','14000','2023-01-19 11:36:31'),('991','r','떡복이','2','15000','2023-01-19 11:36:31'),('991','r','김밥','2','9000','2023-01-19 11:36:31'),('991','r','참치김밥','3','11000','2023-01-19 11:36:31'),('996','t','김밥','2','9000','2023-01-19 11:36:42'),('996','t','돼지김치찌개','1','14000','2023-01-19 11:36:42'),('996','t','치즈떡복이','3','17000','2023-01-19 11:36:42'),('996','t','치즈김밥','2','11000','2023-01-19 11:36:42'),('996','t','라볶이','1','17000','2023-01-19 11:36:42'),('997','a','라볶이','3','17000','2023-01-19 11:36:55'),('997','a','치즈김밥','2','11000','2023-01-19 11:36:55'),('997','a','떡복이','3','15000','2023-01-19 11:36:55'),('997','a','돼지김치찌개','2','14000','2023-01-19 11:36:55'),('999','u','떡복이','2','15000','2023-01-19 11:37:09'),('999','u','김밥','1','9000','2023-01-19 11:37:09'),('999','u','돼지김치찌개','1','14000','2023-01-19 11:37:09'),('999','u','치즈떡복이','1','17000','2023-01-19 11:37:09'),('999','u','참치김치찌개','1','18000','2023-01-19 11:37:09'),('999','u','치즈김밥','3','11000','2023-01-19 11:37:09'),('999','u','참치김밥','1','11000','2023-01-19 11:37:09'),('1001','w','돼지김치찌개','2','14000','2023-01-19 11:37:20'),('1001','w','떡복이','1','15000','2023-01-19 11:37:20'),('1001','w','치즈김밥','1','11000','2023-01-19 11:37:20'),('1003','y','돼지김치찌개','2','14000','2023-01-19 11:37:34'),('1003','y','라볶이','2','17000','2023-01-19 11:37:34'),('1003','y','치즈떡복이','3','17000','2023-01-19 11:37:34'),('1007','w','떡복이','1','15000','2023-01-19 11:37:49'),('1007','w','김밥','1','9000','2023-01-19 11:37:49'),('1007','w','라볶이','2','17000','2023-01-19 11:37:49'),('1007','w','참치김밥','1','11000','2023-01-19 11:37:49'),('1008','w','라볶이','1','17000','2023-01-19 11:38:01'),('1008','w','김밥','3','9000','2023-01-19 11:38:01'),('1008','w','참치김밥','2','11000','2023-01-19 11:38:01'),('1008','w','돼지김치찌개','1','14000','2023-01-19 11:38:01'),('1012','u','참치김치찌개','1','18000','2023-01-19 11:38:12'),('1012','u','김밥','2','9000','2023-01-19 11:38:12'),('1012','u','치즈김밥','3','11000','2023-01-19 11:38:12'),('1012','u','라볶이','2','17000','2023-01-19 11:38:12'),('1014','e','떡복이','1','15000','2023-01-19 11:38:24'),('1014','e','치즈떡복이','2','17000','2023-01-19 11:38:24'),('1014','e','참치김밥','3','11000','2023-01-19 11:38:24'),('1014','e','치즈김밥','1','11000','2023-01-19 11:38:24'),('1015','u','참치김치찌개','3','18000','2023-01-19 11:38:38'),('1015','u','치즈떡복이','2','17000','2023-01-19 11:38:38'),('1016','t','치즈떡복이','2','17000','2023-01-19 11:38:48'),('1016','t','참치김치찌개','2','18000','2023-01-19 11:38:48'),('1016','t','떡복이','1','15000','2023-01-19 11:38:48'),('1016','t','참치김밥','1','11000','2023-01-19 11:38:48'),('1021','y','김밥','3','9000','2023-01-19 11:38:59'),('1021','y','돼지김치찌개','2','14000','2023-01-19 11:38:59'),('1021','y','치즈떡복이','2','17000','2023-01-19 11:38:59'),('1023','u','치즈떡복이','2','17000','2023-01-19 11:39:09'),('1023','u','라볶이','1','17000','2023-01-19 11:39:09'),('1023','u','김밥','1','9000','2023-01-19 11:39:09'),('1023','u','치즈김밥','2','11000','2023-01-19 11:39:09'),('1023','u','참치김치찌개','3','18000','2023-01-19 11:39:09'),('1023','u','참치김밥','1','11000','2023-01-19 11:39:09'),('1023','u','돼지김치찌개','2','14000','2023-01-19 11:39:09'),('1029','w','라볶이','1','17000','2023-01-19 11:39:23'),('1029','w','참치김치찌개','1','18000','2023-01-19 11:39:23'),('1029','w','떡복이','3','15000','2023-01-19 11:39:23'),('1029','w','돼지김치찌개','2','14000','2023-01-19 11:39:23'),('1029','w','치즈떡복이','3','17000','2023-01-19 11:39:23'),('1029','w','참치김밥','1','11000','2023-01-19 11:39:23'),('1029','w','김밥','2','9000','2023-01-19 11:39:23'),('1032','u','돼지김치찌개','2','14000','2023-01-19 11:39:35'),('1033','e','라볶이','2','17000','2023-01-19 11:39:49'),('1033','e','떡복이','3','15000','2023-01-19 11:39:49'),('1033','e','김밥','1','9000','2023-01-19 11:39:49'),('1035','a','떡복이','1','15000','2023-01-19 11:40:00'),('1035','a','김밥','3','9000','2023-01-19 11:40:00'),('1035','a','참치김밥','3','11000','2023-01-19 11:40:00'),('1035','a','치즈김밥','3','11000','2023-01-19 11:40:00'),('1035','a','참치김치찌개','1','18000','2023-01-19 11:40:00'),('1035','a','돼지김치찌개','1','14000','2023-01-19 11:40:00'),('1035','a','치즈떡복이','3','17000','2023-01-19 11:40:00'),('1040','t','치즈떡복이','3','17000','2023-01-19 11:40:13'),('1040','t','참치김치찌개','3','18000','2023-01-19 11:40:13'),('1040','t','떡복이','2','15000','2023-01-19 11:40:13'),('1040','t','참치김밥','2','11000','2023-01-19 11:40:13'),('1040','t','김밥','3','9000','2023-01-19 11:40:13'),('1040','t','치즈김밥','2','11000','2023-01-19 11:40:13'),('1040','t','라볶이','1','17000','2023-01-19 11:40:13'),('1045','u','참치김밥','1','11000','2023-01-19 11:40:26'),('1045','u','치즈김밥','3','11000','2023-01-19 11:40:26'),('1045','u','김밥','3','9000','2023-01-19 11:40:26'),('1045','u','치즈떡복이','3','17000','2023-01-19 11:40:26'),('1045','u','떡복이','1','15000','2023-01-19 11:40:26'),('1045','u','돼지김치찌개','3','14000','2023-01-19 11:40:26'),('1045','u','라볶이','1','17000','2023-01-19 11:40:26'),('1049','r','김밥','1','9000','2023-01-19 11:40:37'),('1049','r','치즈떡복이','3','17000','2023-01-19 11:40:37'),('1050','y','치즈떡복이','2','17000','2023-01-19 11:40:50'),('1050','y','치즈김밥','2','11000','2023-01-19 11:40:50'),('1050','y','참치김밥','3','11000','2023-01-19 11:40:50'),('1050','y','라볶이','2','17000','2023-01-19 11:40:50'),('1054','e','돼지김치찌개','1','14000','2023-01-19 11:41:05'),('1054','e','라볶이','1','17000','2023-01-19 11:41:05'),('1054','e','치즈떡복이','2','17000','2023-01-19 11:41:05'),('1054','e','참치김치찌개','1','18000','2023-01-19 11:41:05'),('1056','qq','참치김밥','3','11000','2023-01-19 11:41:15'),('1056','qq','참치김치찌개','1','18000','2023-01-19 11:41:15'),('1056','qq','떡복이','1','15000','2023-01-19 11:41:15'),('1056','qq','치즈김밥','2','11000','2023-01-19 11:41:15'),('1056','qq','치즈떡복이','3','17000','2023-01-19 11:41:15'),('1056','qq','김밥','3','9000','2023-01-19 11:41:15'),('1056','qq','라볶이','3','17000','2023-01-19 11:41:15'),('1056','qq','돼지김치찌개','1','14000','2023-01-19 11:41:15'),('1061','a','치즈떡복이','3','17000','2023-01-19 11:41:29'),('1061','a','참치김치찌개','1','18000','2023-01-19 11:41:29'),('1062','r','치즈김밥','3','11000','2023-01-19 11:41:42'),('1062','r','떡복이','2','15000','2023-01-19 11:41:42'),('1062','r','참치김밥','1','11000','2023-01-19 11:41:42'),('1062','r','김밥','2','9000','2023-01-19 11:41:42'),('1062','r','치즈떡복이','2','17000','2023-01-19 11:41:42'),('1062','r','돼지김치찌개','1','14000','2023-01-19 11:41:42'),('1062','r','참치김치찌개','3','18000','2023-01-19 11:41:42'),('1062','r','라볶이','1','17000','2023-01-19 11:41:42'),('1071','t','돼지김치찌개','1','14000','2023-01-19 11:41:57'),('1071','t','떡복이','2','15000','2023-01-19 11:41:57'),('1071','t','김밥','3','9000','2023-01-19 11:41:57'),('1071','t','참치김밥','1','11000','2023-01-19 11:41:57'),('1071','t','라볶이','3','17000','2023-01-19 11:41:57'),('1071','t','치즈떡복이','3','17000','2023-01-19 11:41:57'),('1071','t','참치김치찌개','1','18000','2023-01-19 11:41:57'),('1075','w','떡복이','3','15000','2023-01-19 11:42:10'),('1076','w','치즈김밥','2','11000','2023-01-19 11:42:22'),('1076','w','참치김밥','2','11000','2023-01-19 11:42:22'),('1078','r','돼지김치찌개','2','14000','2023-01-19 11:42:33'),('1078','r','치즈김밥','2','11000','2023-01-19 11:42:33'),('1078','r','떡복이','1','15000','2023-01-19 11:42:33'),('1078','r','참치김밥','3','11000','2023-01-19 11:42:33'),('1078','r','참치김치찌개','3','18000','2023-01-19 11:42:33'),('1081','r','떡복이','2','15000','2023-01-19 11:42:43'),('1081','r','치즈김밥','3','11000','2023-01-19 11:42:43'),('1081','r','돼지김치찌개','2','14000','2023-01-19 11:42:43'),('1083','qq','김밥','2','9000','2023-01-19 11:42:58'),('1083','qq','참치김밥','3','11000','2023-01-19 11:42:58'),('1083','qq','치즈김밥','2','11000','2023-01-19 11:42:58'),('1083','qq','돼지김치찌개','2','14000','2023-01-19 11:42:58'),('1083','qq','참치김치찌개','2','18000','2023-01-19 11:42:58'),('1086','w','돼지김치찌개','1','14000','2023-01-19 11:43:11'),('1086','w','떡복이','1','15000','2023-01-19 11:43:11'),('1086','w','참치김밥','2','11000','2023-01-19 11:43:11'),('1086','w','김밥','2','9000','2023-01-19 11:43:11'),('1086','w','치즈떡복이','2','17000','2023-01-19 11:43:11'),('1086','w','치즈김밥','3','11000','2023-01-19 11:43:11'),('1086','w','참치김치찌개','2','18000','2023-01-19 11:43:11'),('1086','w','라볶이','1','17000','2023-01-19 11:43:11'),('1091','u','참치김밥','1','11000','2023-01-19 11:43:22'),('1091','u','참치김치찌개','2','18000','2023-01-19 11:43:22'),('1091','u','떡복이','3','15000','2023-01-19 11:43:22'),('1091','u','치즈김밥','2','11000','2023-01-19 11:43:22'),('1091','u','김밥','2','9000','2023-01-19 11:43:22'),('1097','e','치즈떡복이','2','17000','2023-01-19 11:43:36'),('1098','r','라볶이','1','17000','2023-01-19 11:43:49'),('1098','r','떡복이','1','15000','2023-01-19 11:43:49'),('1098','r','김밥','1','9000','2023-01-19 11:43:49'),('1100','qq','김밥','1','9000','2023-01-19 11:44:00'),('1100','qq','떡복이','1','15000','2023-01-19 11:44:00'),('1100','qq','치즈김밥','2','11000','2023-01-19 11:44:00'),('1100','qq','참치김밥','2','11000','2023-01-19 11:44:00'),('1100','qq','치즈떡복이','1','17000','2023-01-19 11:44:00'),('1102','r','참치김치찌개','1','18000','2023-01-19 11:44:15'),('1102','r','치즈김밥','3','11000','2023-01-19 11:44:15'),('1102','r','치즈떡복이','3','17000','2023-01-19 11:44:15'),('1102','r','돼지김치찌개','2','14000','2023-01-19 11:44:15'),('1102','r','참치김밥','2','11000','2023-01-19 11:44:15'),('1102','r','떡복이','2','15000','2023-01-19 11:44:15'),('1102','r','김밥','3','9000','2023-01-19 11:44:15'),('1106','a','참치김밥','1','11000','2023-01-19 11:44:32'),('1106','a','김밥','3','9000','2023-01-19 11:44:32'),('1107','t','참치김밥','3','11000','2023-01-19 11:44:46'),('1107','t','돼지김치찌개','3','14000','2023-01-19 11:44:46'),('1107','t','라볶이','2','17000','2023-01-19 11:44:46'),('1107','t','치즈김밥','1','11000','2023-01-19 11:44:46'),('1109','w','떡복이','1','15000','2023-01-19 11:44:58'),('1109','w','참치김밥','2','11000','2023-01-19 11:44:58'),('1109','w','돼지김치찌개','2','14000','2023-01-19 11:44:58'),('1109','w','치즈떡복이','1','17000','2023-01-19 11:44:58'),('1109','w','참치김치찌개','2','18000','2023-01-19 11:44:58'),('1109','w','김밥','3','9000','2023-01-19 11:44:58'),('1109','w','치즈김밥','3','11000','2023-01-19 11:44:58'),('1109','w','라볶이','3','17000','2023-01-19 11:44:58'),('1113','e','치즈떡복이','1','17000','2023-01-19 11:45:09'),('1113','e','치즈김밥','1','11000','2023-01-19 11:45:09'),('1113','e','참치김치찌개','1','18000','2023-01-19 11:45:09'),('1113','e','라볶이','2','17000','2023-01-19 11:45:09'),('1113','e','돼지김치찌개','2','14000','2023-01-19 11:45:09'),('1113','e','떡복이','3','15000','2023-01-19 11:45:09'),('1125','u','김밥','1','9000','2023-01-19 11:45:24'),('1125','u','치즈떡복이','2','17000','2023-01-19 11:45:24'),('1126','r','라볶이','1','17000','2023-01-19 11:45:35'),('1126','r','떡복이','2','15000','2023-01-19 11:45:35'),('1126','r','치즈김밥','1','11000','2023-01-19 11:45:35'),('1126','r','참치김밥','2','11000','2023-01-19 11:45:35'),('1126','r','치즈떡복이','2','17000','2023-01-19 11:45:35'),('1126','r','참치김치찌개','3','18000','2023-01-19 11:45:35'),('1126','r','김밥','1','9000','2023-01-19 11:45:35'),('1126','r','돼지김치찌개','2','14000','2023-01-19 11:45:35'),('1127','qq','치즈떡복이','1','17000','2023-01-19 11:45:46'),('1127','qq','치즈김밥','3','11000','2023-01-19 11:45:46'),('1128','w','치즈김밥','1','11000','2023-01-19 11:45:59'),('1128','w','참치김치찌개','2','18000','2023-01-19 11:45:59'),('1128','w','라볶이','1','17000','2023-01-19 11:45:59'),('1128','w','참치김밥','1','11000','2023-01-19 11:45:59'),('1128','w','떡복이','3','15000','2023-01-19 11:45:59');
/*!40000 ALTER TABLE `request` ENABLE KEYS */;
UNLOCK TABLES;

--
-- Table structure for table `user`
--

DROP TABLE IF EXISTS `user`;
/*!40101 SET @saved_cs_client     = @@character_set_client */;
/*!50503 SET character_set_client = utf8mb4 */;
CREATE TABLE `user` (
  `아이디` text,
  `비밀번호` text,
  `이름` text,
  `주소` text,
  `전화번호` text,
  `사업자` text
) ENGINE=InnoDB DEFAULT CHARSET=utf8mb4 COLLATE=utf8mb4_0900_ai_ci;
/*!40101 SET character_set_client = @saved_cs_client */;

--
-- Dumping data for table `user`
--

LOCK TABLES `user` WRITE;
/*!40000 ALTER TABLE `user` DISABLE KEYS */;
INSERT INTO `user` VALUES ('q','1','정연수','옥천군','010','사업자'),('qq','1','정연후','옥천군','010','개인'),('a','1','보라','광주','010','개인'),('w','1','민영','광주','010','개인'),('e','1','연재','광주','010','개인'),('r','1','기태','광주','010','개인'),('t','1','명은','광주','010','개인'),('y','1','성일','광주','010','개인'),('u','1','도현','광주','010','개인');
/*!40000 ALTER TABLE `user` ENABLE KEYS */;
UNLOCK TABLES;
/*!40103 SET TIME_ZONE=@OLD_TIME_ZONE */;

/*!40101 SET SQL_MODE=@OLD_SQL_MODE */;
/*!40014 SET FOREIGN_KEY_CHECKS=@OLD_FOREIGN_KEY_CHECKS */;
/*!40014 SET UNIQUE_CHECKS=@OLD_UNIQUE_CHECKS */;
/*!40101 SET CHARACTER_SET_CLIENT=@OLD_CHARACTER_SET_CLIENT */;
/*!40101 SET CHARACTER_SET_RESULTS=@OLD_CHARACTER_SET_RESULTS */;
/*!40101 SET COLLATION_CONNECTION=@OLD_COLLATION_CONNECTION */;
/*!40111 SET SQL_NOTES=@OLD_SQL_NOTES */;

-- Dump completed on 2023-01-19 11:46:00
